Compound,Date,Negative,Neutral,Positive,Tweet Text,Tweets Ago,User
0.9393,Wed Jul 04 19:03:04 +0000 2018,0.0,0.439,0.561,"Award-winning comedian Rich Hall explores the American dream. üá∫üá∏

Rich Hall's Working for the American Dream | 9pm‚Ä¶ https://t.co/cwNFVC4hGk",0,@BBC
-0.5103,Wed Jul 04 18:02:03 +0000 2018,0.321,0.535,0.144,The Dutch have a prison problem - too many cells and not enough prisoners. https://t.co/uIZ69q8dlF,1,@BBC
0.6597,Wed Jul 04 16:52:02 +0000 2018,0.086,0.631,0.284,üòÇ 'Some people say policing in the country is a bit like #HotFuzz'. https://t.co/eOdStnQLN3,2,@BBC
-0.296,Wed Jul 04 16:02:01 +0000 2018,0.145,0.855,0.0,"üíÉ Meet the incredible 23-year-old @SherrieSilver, who choreographed Childish Gambino's #ThisIsAmerica video. https://t.co/jUFLCUBXdl",3,@BBC
0.0,Wed Jul 04 14:27:00 +0000 2018,0.0,1.0,0.0,"RT @BBCWthrWatchers: If you find a pot of gold at the end of a regular rainbow, what do you get at the end of a rare #fogbow? ü§î 

Tomasz @S‚Ä¶",4,@BBC
0.0,Wed Jul 04 14:04:05 +0000 2018,0.0,1.0,0.0,When this couple went into hospital for the birth of their baby it wasn't just mum who had an eventful night... dad‚Ä¶ https://t.co/5FFq82YPZm,5,@BBC
-0.8934,Wed Jul 04 13:01:25 +0000 2018,0.474,0.526,0.0,RT @BBCFOUR: Every Olympic athlete has battles to fight. Gymnast Margarita Mamun had to fight a war. https://t.co/cpsI8CyybU,6,@BBC
0.7964,Wed Jul 04 12:34:02 +0000 2018,0.068,0.645,0.287,"""Y'alright love?""

üòÇ This crow has a Yorkshire accent and it's the best thing you'll hear today. https://t.co/3J8BQGiZM7",7,@BBC
0.6114,Wed Jul 04 12:01:08 +0000 2018,0.0,0.6,0.4,"üîäüêüüê°üê¨üê† 
 The sea is a wonderful place!  https://t.co/AFvOD3y9Os",8,@BBC
0.0,Wed Jul 04 11:01:08 +0000 2018,0.0,1.0,0.0,"For the first time, astronomers have captured an image of a planet that's still forming. üî≠üåüüì∏
https://t.co/WoDnm1SdVj https://t.co/Kq6llPJGLZ",9,@BBC
-0.802,Wed Jul 04 10:17:15 +0000 2018,0.275,0.725,0.0,A US hunter has come under criticism after pictures taken in South Africa of her posing with a dead giraffe went vi‚Ä¶ https://t.co/dYhxZkOuUH,10,@BBC
0.7351,Wed Jul 04 08:00:11 +0000 2018,0.0,0.592,0.408,üé∏ This amazing human learnt to play guitar with a hook. https://t.co/GaTQ0FDpF4,11,@BBC
-0.4019,Wed Jul 04 07:23:02 +0000 2018,0.13,0.87,0.0,Lung cancer is commonly associated with smoking. But rates of the disease among non-smokers ‚Äì and women ‚Äì are risin‚Ä¶ https://t.co/vYe3Cct7bp,12,@BBC
0.34,Wed Jul 04 07:00:12 +0000 2018,0.0,0.789,0.211,üéπüé∂ Colette has played the piano for over a century. https://t.co/MeTB1jsYm8,13,@BBC
0.6597,Tue Jul 03 21:01:39 +0000 2018,0.102,0.646,0.252,"RT @BBCMOTD: #ENG have won a #WorldCup penalty shootout for the first time in the nation's history.

We repeat: England have won a #WorldCu‚Ä¶",14,@BBC
-0.3182,Tue Jul 03 20:55:51 +0000 2018,0.095,0.905,0.0,"RT @BBCMOTD: argentIna knocked ouT
Spain lost to the hosts
france COnceded three 
gerMany have been elimINated
portuGal on tHe plane back t‚Ä¶",15,@BBC
0.2023,Tue Jul 03 19:32:04 +0000 2018,0.0,0.917,0.083,"Tonight, Joe Swift and @jowhiley take a look at what's in store at the RHS Hampton Court Palace Flower Show. üå∏üíêüå∑üè∞‚Ä¶ https://t.co/zaFy1lN26l",16,@BBC
-0.5106,Tue Jul 03 18:00:25 +0000 2018,0.248,0.752,0.0,"Don't let anyone tell you your pain is normal. 
#Endometriosis https://t.co/Iq5UWFYcto",17,@BBC
0.4019,Tue Jul 03 17:01:03 +0000 2018,0.067,0.753,0.18,"'Turning 30 is like playing musical chairs. The music stops, and everyone just marries whoever they happen to be si‚Ä¶ https://t.co/fsuTCD3AS6",18,@BBC
0.0,Tue Jul 03 16:00:18 +0000 2018,0.0,1.0,0.0,"üó£‚öΩÔ∏è Why is football so full of cliches? 
#WorldCup https://t.co/mMe3p1ibrB",19,@BBC
0.128,Tue Jul 03 15:21:59 +0000 2018,0.0,0.923,0.077,"üçìüéæ A young David Attenborough discusses the beginning of regular colour TV in Britain, launched at #Wimbledon in 19‚Ä¶ https://t.co/wUeuqWXGVT",20,@BBC
0.6808,Tue Jul 03 15:07:30 +0000 2018,0.124,0.547,0.328,"RT @BBCWorld: ""Today is the best day""

Families celebrate as rescuers reach boys trapped in Thailand cave https://t.co/61s78f6ZXk https://t‚Ä¶",21,@BBC
0.0,Tue Jul 03 14:23:58 +0000 2018,0.0,1.0,0.0,"RT @BBCWales: The story of Aneurin Bevan in 70 seconds. 
#NHS70 https://t.co/TKtkWEjohJ",22,@BBC
-0.6705,Tue Jul 03 14:03:05 +0000 2018,0.2,0.8,0.0,"üò®üêôüîÆ A 'psychic' octopus, who correctly predicted all of Japan's World Cup results, has been killed and turned into‚Ä¶ https://t.co/zeebvUYUfl",23,@BBC
0.5411,Tue Jul 03 12:19:44 +0000 2018,0.0,0.811,0.189,RT @BBCTwo: Look at these INCREDIBLE desserts inspired by #Wimbledon! üòã üéæ #GreatBritishMenu https://t.co/8rPzAAnSgT,24,@BBC
0.2732,Tue Jul 03 12:00:20 +0000 2018,0.0,0.861,0.139,"üòçü¶î Meet Arbuckle... he's adorable, but he could be the world's fattest hedgehog. https://t.co/Svgc7oLBcx",25,@BBC
0.0,Tue Jul 03 11:31:42 +0000 2018,0.0,1.0,0.0,We're using around 9 billion fewer plastic bags now they cost 5p each... but there's still more to be done.‚Ä¶ https://t.co/dYXaZ2YFI8,26,@BBC
0.128,Tue Jul 03 11:02:04 +0000 2018,0.0,0.903,0.097,"üëî A Japanese company has launched a line of business suits specifically for blue-collar workers.
üëâ‚Ä¶ https://t.co/mKOTswtAi1",27,@BBC
-0.9028,Tue Jul 03 09:37:17 +0000 2018,0.396,0.604,0.0,"RT @1Xtra: What's worse; scoring an own goal or having a DEAD trim?

@NickBrightDJ @CheekySport &amp; @MrBigzOfficial weren't happy with Sergio‚Ä¶",28,@BBC
0.0,Tue Jul 03 08:00:15 +0000 2018,0.0,1.0,0.0,‚ù§Ô∏è This man is cleaning all 388 Holocaust plaques in his city. https://t.co/AfdxFBxxJ4,29,@BBC
0.8541,Tue Jul 03 07:26:06 +0000 2018,0.0,0.67,0.33,"üé®üê† Are we really the only creatures on Earth capable of delighting in beauty? Or can animals be artists too?
üëâ‚Ä¶ https://t.co/9tZ0X8jyqb",30,@BBC
0.0,Tue Jul 03 07:01:02 +0000 2018,0.0,1.0,0.0,Why scientists are counting seal pups in the Thames Estuary. https://t.co/GfMjrwpzPH,31,@BBC
0.0,Mon Jul 02 19:01:05 +0000 2018,0.0,1.0,0.0,A golden retriever named Todd has been labelled a 'hero' after he was bitten by rattlesnake while protecting his ow‚Ä¶ https://t.co/jwSa2knHKj,32,@BBC
-0.128,Mon Jul 02 18:01:05 +0000 2018,0.086,0.914,0.0,"This woman is cutting out the middle man and working directly with Indian farmers.

(via @BBCThree) https://t.co/faRaW27jTp",33,@BBC
0.1027,Mon Jul 02 16:13:24 +0000 2018,0.089,0.806,0.105,"12 boys and their football coach have been found alive after nine days missing in caves in Thailand, the regional g‚Ä¶ https://t.co/435VAvqUN9",34,@BBC
0.6705,Mon Jul 02 16:04:06 +0000 2018,0.0,0.776,0.224,üòÇ‚úã This game of tag started five years ago - and it's fair to say it's got a bit out of hand. https://t.co/ytG4D9pWXi,35,@BBC
-0.1779,Mon Jul 02 16:01:04 +0000 2018,0.09,0.854,0.055,"RT @BBCTwo: In the strange, brooding landscape of the Australian bush, something unthinkable is about to happen‚Ä¶ #PicnicAtHangingRock https‚Ä¶",36,@BBC
0.2263,Mon Jul 02 15:51:11 +0000 2018,0.133,0.664,0.203,"RT @bbcthree: ""She was nasty. She took control of me.""

Jodie survived anorexia. Now, she's helping others do the same. https://t.co/pfWwo8‚Ä¶",37,@BBC
0.0772,Mon Jul 02 15:50:40 +0000 2018,0.0,0.925,0.075,RT @BBCNewsround: Want the NHS summed up in 70 seconds? Of course you do. #NHS70 https://t.co/zTkgHb491U https://t.co/nZQM53GPZv,38,@BBC
0.1027,Mon Jul 02 15:44:43 +0000 2018,0.092,0.798,0.109,RT @BBCBreaking: All 12 boys and their football coach found alive after nine days missing in Thailand caves - regional governor https://t.c‚Ä¶,39,@BBC
0.5093,Mon Jul 02 13:04:05 +0000 2018,0.0,0.852,0.148,üòç This tiny little sun bear is the first ever to be born in the UK! https://t.co/OaFQ45IbDY,40,@BBC
-0.5719,Mon Jul 02 12:04:02 +0000 2018,0.425,0.575,0.0,What's the point of humiliation? https://t.co/8VGBENJzZ0,41,@BBC
0.0,Mon Jul 02 11:01:07 +0000 2018,0.0,1.0,0.0,"üöÄü§ñ 'Cimon', an experimental floating robot with an animated cartoon face has been sent to the International Space S‚Ä¶ https://t.co/4N4oByDru8",42,@BBC
0.4939,Mon Jul 02 09:31:06 +0000 2018,0.0,0.856,0.144,Sue Barker introduces live coverage from the opening day of the 2018 Wimbledon Championships from the All England C‚Ä¶ https://t.co/oQrpyhhL0d,43,@BBC
0.0,Mon Jul 02 08:03:02 +0000 2018,0.0,1.0,0.0,10-year-old Kareem's artworks are absolutely incredible. https://t.co/Ip4X0w1dpc,44,@BBC
0.0,Mon Jul 02 07:27:05 +0000 2018,0.0,1.0,0.0,An experiment using a vending machine specifically designed for crows has revealed something about how intelligence‚Ä¶ https://t.co/ND20eqlIZ3,45,@BBC
0.0,Mon Jul 02 07:03:02 +0000 2018,0.0,1.0,0.0,üèÉüèª‚Äç‚ôÇÔ∏è This Scottish teenager has mind-blowing #parkour skills. https://t.co/SlvAKocTJ2,46,@BBC
0.8299,Sun Jul 01 20:43:50 +0000 2018,0.0,0.748,0.252,"RT @BBC6Music: üëè What was the best gig you saw in June?

üéü What exciting things have you got coming up in July?",47,@BBC
0.6588,Sun Jul 01 19:36:52 +0000 2018,0.0,0.845,0.155,"RT @bbc5live: ‚ÄúWe said jokingly, ‚Äòis it a shark?!‚Äô‚Äù üò≤ü¶à

A great white shark has been spotted in Spanish waters for the first time in over 4‚Ä¶",48,@BBC
0.4019,Sun Jul 01 19:27:02 +0000 2018,0.0,0.876,0.124,"Get unprecedented access to the hidden world of elite gymnasts in Russia. ü§∏‚Äç‚ôÄÔ∏è

Storyville: Olympic Dreams of Russi‚Ä¶ https://t.co/2ZhaGsysoa",49,@BBC
-0.2957,Sun Jul 01 19:02:03 +0000 2018,0.176,0.657,0.168,"‚úàÔ∏èüåç @RomeshRanga travels way beyond his comfort zone to some of the most beautiful, but dangerous, places on earth.‚Ä¶ https://t.co/ud4Vni3WW2",50,@BBC
-0.0516,Sun Jul 01 18:00:19 +0000 2018,0.273,0.515,0.211,"Why were these photos of the Great Depression censored using a hole punch?
https://t.co/LijCpCURdC",51,@BBC
0.5994,Sun Jul 01 17:58:17 +0000 2018,0.0,0.822,0.178,"RT @BBCSport: Two-time champion Andy Murray has withdrawn from #Wimbledon on the eve of the tournament.

More: https://t.co/Ngi3D5UZQF http‚Ä¶",52,@BBC
0.0,Sun Jul 01 17:07:02 +0000 2018,0.0,1.0,0.0,Experienced sailor Emily Penn has set out with an all-female crew to investigate the world's largest accumulation o‚Ä¶ https://t.co/WQ0W3RPHRk,53,@BBC
0.0,Sun Jul 01 16:32:14 +0000 2018,0.0,1.0,0.0,"RT @BBCMOTD: Bring on penalties!

#ESPRUS #WorldCup https://t.co/feSCpfSUWI",54,@BBC
0.0,Sun Jul 01 16:06:03 +0000 2018,0.0,1.0,0.0,"üòê This is what happens when you hire an arts and crafts teacher to freshen up a 16th-Century wooden sculpture.
üëâ‚Ä¶ https://t.co/S6gXo5Yfgv",55,@BBC
0.0,Sun Jul 01 15:07:02 +0000 2018,0.0,1.0,0.0,When Natasha was 14 she had nowhere to call home. https://t.co/O5w2JzIWFh,56,@BBC
0.9096,Sun Jul 01 14:19:37 +0000 2018,0.0,0.582,0.418,RT @BBCTwo: Happy #CanadaDay to the hilarious @kathbum! Here are all your very best bits from #LiveAtTheApollo! ‚ù§Ô∏èüá®üá¶ https://t.co/VHpkGeR2ia,57,@BBC
0.5574,Sun Jul 01 13:32:20 +0000 2018,0.0,0.841,0.159,"RT @BBCScotland: The remarkable Viking discovery on the Isle of Skye.

See more from Scotland from the Sky https://t.co/FRtwE5IzGA https://‚Ä¶",58,@BBC
0.0516,Sun Jul 01 13:08:41 +0000 2018,0.252,0.485,0.262,RT @bbcthree: Georgina organises parties to help combat loneliness. She's 96 years old. https://t.co/VGZ1LB6FoW,59,@BBC
0.5859,Sun Jul 01 13:04:05 +0000 2018,0.0,0.703,0.297,‚ù§Ô∏è What a lovely thing to do for someone. https://t.co/goE9GEi8k0,60,@BBC
-0.296,Sun Jul 01 11:53:09 +0000 2018,0.145,0.855,0.0,"RT @bbcstories: The incredible 23-year-old @SherrieSilver, who choreographed Childish Gambino's (@donaldglover‚Äôs) #ThisIsAmerica video, say‚Ä¶",61,@BBC
0.7269,Sun Jul 01 11:52:12 +0000 2018,0.0,0.747,0.253,"RT @bbcarts: David Attenborough on the artistic abilities of animals, including the great reed warbler, peacock jumping spider and Japanese‚Ä¶",62,@BBC
0.0,Sun Jul 01 11:04:03 +0000 2018,0.0,1.0,0.0,Got a sour taste in your mouth? https://t.co/sFxRSJzwaN,63,@BBC
-0.7003,Sun Jul 01 10:08:02 +0000 2018,0.266,0.734,0.0,"‚òÑÔ∏èüî≠ 71 years after her death, the UK's forgotten astronomer Annie Maunder is finally getting some recognition. https://t.co/fjWUaZC4zQ",64,@BBC
0.5784,Sun Jul 01 09:03:08 +0000 2018,0.065,0.688,0.247,üá¨üáß Life on Great Britain's outer islands is not always easy - but that hasn't stopped people making them their home‚Ä¶ https://t.co/5654v897yH,65,@BBC
0.0,Sun Jul 01 08:07:00 +0000 2018,0.0,1.0,0.0,"How did we get here; to a world full of plastic?

#PlasticsAction https://t.co/LwY3W2RC61",66,@BBC
-0.128,Sun Jul 01 07:04:01 +0000 2018,0.116,0.784,0.1,"Half of all people who drown never intended to be in the water.

Knowing how to stay afloat could save your life üëá https://t.co/94IezeCREn",67,@BBC
0.5707,Sat Jun 30 19:56:38 +0000 2018,0.0,0.85,0.15,"RT @5liveSport: FT:

#URU 2 - 1 #POR

Portugal, the reigning European champions, are out of the #WorldCup!

Uruguay will face #FRA in the q‚Ä¶",68,@BBC
-0.5106,Sat Jun 30 19:50:50 +0000 2018,0.356,0.491,0.153,RT @bbcthree: Would you criticise a stranger like you criticise yourself? https://t.co/VXiSiSZQ8n,69,@BBC
-0.6705,Sat Jun 30 19:27:05 +0000 2018,0.234,0.766,0.0,"With plastic protests around the country and a proposed ban on cotton buds, is plastic becoming the ‚Äònew fur‚Äô?
üëâ‚Ä¶ https://t.co/i5U2OGUYET",70,@BBC
0.0,Sat Jun 30 18:28:48 +0000 2018,0.0,1.0,0.0,RT @BBCWorld: Unesco announces new heritage sites around the world https://t.co/8UoJausebb,71,@BBC
0.0,Sat Jun 30 18:12:00 +0000 2018,0.0,1.0,0.0,"üò®üëÄ This AI software uses wireless signals to watch you... even through walls.
(via @BBCClick) https://t.co/T7ne9ZYpX0",72,@BBC
0.3802,Sat Jun 30 17:04:00 +0000 2018,0.0,0.834,0.166,"üí™üëï Doing laundry on Fair Isle is not for the faint-hearted!
(via @BBCScotland) https://t.co/EAgT1mt6Ak",73,@BBC
0.0,Sat Jun 30 16:04:06 +0000 2018,0.0,1.0,0.0,üéß‚úä DJ Switch has big plans for the future. https://t.co/b5CY3vEX7Q,74,@BBC
0.0,Sat Jun 30 16:03:09 +0000 2018,0.0,1.0,0.0,"RT @5liveSport: What a stat üî•‚öΩÔ∏è

Mbappe is the first teenager to score at least twice in a #WorldCup match since Pele ü§©üëè

#FRA 4-2 #ARG

Li‚Ä¶",75,@BBC
-0.3818,Sat Jun 30 15:07:03 +0000 2018,0.12,0.88,0.0,"üíÑ Does your lipstick threaten the future of one of our closest living relatives?
üëâ https://t.co/ldRFuFMJ23 https://t.co/pFccqj1CXS",76,@BBC
0.5509,Sat Jun 30 13:40:13 +0000 2018,0.0,0.835,0.165,"RT @Wimbledon: ""It was one of the most emotional matches I played in my career. That final had a big impact on my tennis and personal life""‚Ä¶",77,@BBC
0.0,Sat Jun 30 12:58:04 +0000 2018,0.0,1.0,0.0,"ü¶Äüò≤ The 'dresser crab' decorates itself with seaweed, sponges and pearls to ward off predators!
#QI https://t.co/l4ziAmbx92",78,@BBC
0.5719,Sat Jun 30 12:13:52 +0000 2018,0.0,0.866,0.134,RT @bbcideas: Another unsung heroine you need to know. The life of Mary Anning - told using sand and pebbles from the beach where she worke‚Ä¶,79,@BBC
0.891,Sat Jun 30 12:13:40 +0000 2018,0.0,0.685,0.315,"RT @BBCBreakfast: üêª The first Sun Bear to ever born in the UK! üòç
How amazing is this little miracle bear? https://t.co/wyRRiXO7eX",80,@BBC
0.0,Sat Jun 30 12:07:04 +0000 2018,0.0,1.0,0.0,üå≤üå≥ Where exactly did Iceland's trees go? https://t.co/Trrrl2KTg2,81,@BBC
0.4404,Sat Jun 30 11:05:01 +0000 2018,0.114,0.659,0.228,üòÇ A colour guide for your next spray tan‚Ä¶ https://t.co/MuUMV7qJDH,82,@BBC
0.1007,Sat Jun 30 10:02:04 +0000 2018,0.0,0.91,0.09,"üöÑüòΩüéÄ All aboard Japan's new #HelloKitty themed bullet train!
üëâ https://t.co/8wiL4MDt0W https://t.co/qTplQ9GNdw",83,@BBC
-0.4404,Sat Jun 30 09:23:10 +0000 2018,0.208,0.683,0.109,"RT @BBCWalesNews: ‚ù§Ô∏èÔ∏è Nothing was going to stop World War Two pilot Ian Kerr-Bonner from saying a final goodbye to his oldest friend

#Arme‚Ä¶",84,@BBC
0.0,Sat Jun 30 09:05:03 +0000 2018,0.0,1.0,0.0,üå≥ How trees secretly talk to each other.  https://t.co/IuLAvWPwKj,85,@BBC
0.0,Sat Jun 30 08:19:13 +0000 2018,0.0,1.0,0.0,"RT @bbc5live: It‚Äôs World Asteroid DayüöÄ

Abigail Harrison, astrobiologist and aspiring astronaut answered all of @chriswarburton_  and 8 yea‚Ä¶",86,@BBC
0.0,Sat Jun 30 08:04:06 +0000 2018,0.0,1.0,0.0,ü§ñüò∑ Claims that a chatbot can diagnose medical conditions as accurately as a GP have sparked a row between the softw‚Ä¶ https://t.co/USXmTRpcyy,87,@BBC
-0.8689,Sat Jun 30 07:02:00 +0000 2018,0.521,0.479,0.0,"A heartbreaking look at how our discarded plastics are killing wildlife.
#PlasticsAction https://t.co/R3lZNSDtMa",88,@BBC
0.4939,Fri Jun 29 18:01:04 +0000 2018,0.112,0.588,0.3,üòÇ Dropping MAJOR hints that you want a lift‚Ä¶ https://t.co/BC9bJWyOky,89,@BBC
0.0,Fri Jun 29 15:18:58 +0000 2018,0.0,1.0,0.0,"üèáüí® Leaving work on a Friday like...
#FridayFeeling https://t.co/3sGXNH5eqM",90,@BBC
-0.7184,Fri Jun 29 15:05:41 +0000 2018,0.243,0.686,0.071,"RT @bbcthree: Terrifying ‚úÖ
Awkward  ‚úÖ
Disappointing  ‚úÖ

Turns out @rachelparris' Tinder experience was exactly like everyone else's https:/‚Ä¶",91,@BBC
0.1779,Fri Jun 29 13:01:05 +0000 2018,0.0,0.918,0.082,"üò≠‚ô•Ô∏è A cleaner at @BristolUni has been gifted ¬£1,500 after students crowdfunded the money to send him to Jamaica.
üëâ‚Ä¶ https://t.co/RDpCFhIj9j",92,@BBC
0.296,Fri Jun 29 12:51:35 +0000 2018,0.0,0.905,0.095,RT @bbcarts: Meet the six new musicians from around the globe who have been selected to join @BBCRadio3's prestigious New Generation Artist‚Ä¶,93,@BBC
0.0,Fri Jun 29 12:00:19 +0000 2018,0.0,1.0,0.0,"ü§î How many mysterious body parts can you identify from these hyper zoomed in photos?
#JuniorDoctors https://t.co/miuPM0KycI",94,@BBC
0.2023,Fri Jun 29 11:03:07 +0000 2018,0.0,0.913,0.087,"‚ö°Ô∏è How it feels to be hit by lightning + other one in a million chances.
üëâ https://t.co/KXzFEzk1rI https://t.co/ZTWl0ZOE0m",95,@BBC
0.3612,Fri Jun 29 09:56:50 +0000 2018,0.0,0.848,0.152,RT @bbcthree: Endometriosis feels like being punched in the vagina with sharp knives. #HearHer https://t.co/pOuZyJObic,96,@BBC
0.0,Fri Jun 29 08:00:12 +0000 2018,0.0,1.0,0.0,‚ôªÔ∏èüíµüá¨üá≠ Turning plastic trash into cash in Ghana. https://t.co/v3CTho7nnD,97,@BBC
0.0,Fri Jun 29 07:29:06 +0000 2018,0.0,1.0,0.0,"New research shows that our views, even on politics, are changing all the time... just not for the reasons you‚Äôd ex‚Ä¶ https://t.co/iMz9pEItxv",98,@BBC
0.5859,Fri Jun 29 07:00:12 +0000 2018,0.0,0.648,0.352,üêõüòÇ Have you ever tried worm charming? https://t.co/S8BPzCmE8N,99,@BBC
0.3182,Mon Jul 02 21:13:11 +0000 2018,0.0,0.892,0.108,"How much does it cost to bury the truth? #OneDollar premieres Thursday, August 30, exclusively on CBS All Access.‚Ä¶ https://t.co/1tab8eCaFz",0,@CBS
0.0,Mon Jul 02 20:47:32 +0000 2018,0.0,1.0,0.0,Take a first look at our @Comic_Con lineup along with details of what you can expect to see:‚Ä¶ https://t.co/JqBtlKcwq3,1,@CBS
0.0,Mon Jul 02 17:27:06 +0000 2018,0.0,1.0,0.0,RT @TrueCrimeCBS: Two new true-crime series are set to premiere this July on CBS! Learn more about #Whistleblower and #PinkCollarCrimes bef‚Ä¶,2,@CBS
0.5411,Mon Jul 02 17:00:02 +0000 2018,0.0,0.741,0.259,"If at first you don‚Äôt succeed on @PriceIsRight‚Ä¶bid, bid again! https://t.co/OWBaOsFZ3i",3,@CBS
0.0,Wed Jun 27 20:31:32 +0000 2018,0.0,1.0,0.0,What‚Äôs summer without @CBSBigBrother? ‚òÄÔ∏è RT if you‚Äôre counting down the hours to the #BB20 premiere TONIGHT at 8/7c‚Ä¶ https://t.co/Xp1s4Fp5J8,4,@CBS
0.7574,Wed Jun 27 14:00:01 +0000 2018,0.0,0.711,0.289,"It looks like you...

(‚Ä¢_‚Ä¢)
( ‚Ä¢_‚Ä¢)&gt;‚åê‚ñ†-‚ñ†
(‚åê‚ñ†_‚ñ†)

Have a lot of TV to watch!

Celebrate #NationalSunglassesDay with H‚Ä¶ https://t.co/Babt4ajIgV",5,@CBS
0.5574,Mon Jun 25 18:20:25 +0000 2018,0.0,0.796,0.204,The world will finally know the truth. ‚òÑÔ∏è Make sure to tune in to the heart-pounding Season 2 premiere of‚Ä¶ https://t.co/mqMleW90DY,6,@CBS
0.1867,Fri Jun 22 21:19:06 +0000 2018,0.0,0.902,0.098,Tonight's the night! Don't miss model @ashleygraham on the season finale of Celebrity @undercover_cbs at 8/7c. https://t.co/iBxAOcOF7a,7,@CBS
0.4199,Fri Jun 22 18:33:53 +0000 2018,0.0,0.811,0.189,"Every day is #TakeYourDogToWorkDay for shows like @HawaiiFive0CBS, @MomCBS, @SEALTeamCBS, and @bigbangtheory! https://t.co/DJaOt1VQcw",8,@CBS
0.4926,Thu Jun 21 23:29:50 +0000 2018,0.0,0.803,0.197,"Lights, camera, selfie! üì∏¬†Could there be a better photo for #NationalSelfieDay? https://t.co/14Ewx64yKC",9,@CBS
0.3555,Wed Jun 20 00:39:01 +0000 2018,0.122,0.68,0.199,There‚Äôs nothing quite like watching a contestant win a brand new car on @PriceIsRight. üëè  https://t.co/aKlFikYAMM,10,@CBS
0.0,Mon Jun 18 20:27:50 +0000 2018,0.0,1.0,0.0,Time to make your predictions for #BB20! üëè Get to know the @CBSBigBrother Houseguests before the big premiere next‚Ä¶ https://t.co/jlpIchJ9sk,11,@CBS
0.0,Mon Jun 18 15:00:46 +0000 2018,0.0,1.0,0.0,RT @CBSBigBrother: Meet the cast of #BB20... before anyone else! Start streaming all their live interviews beginning at 11am EST/8am PST on‚Ä¶,12,@CBS
0.9392,Sun Jun 17 13:00:01 +0000 2018,0.0,0.507,0.493,"Today and every day we celebrate their love, guidance, and support. Happy #FathersDay to every kind of dad! https://t.co/Wffax1khBH",13,@CBS
0.3595,Fri Jun 15 18:48:29 +0000 2018,0.0,0.872,0.128,"Casting Alert! @paulwesley, @DaniaJRamirez &amp; @JamesWolk are set to star in the upcoming CBS All Access psychologica‚Ä¶ https://t.co/JnZMrzT92n",14,@CBS
-0.296,Thu Jun 14 17:30:00 +0000 2018,0.167,0.833,0.0,"In case you missed it, watch the entire #TonyAwards now: https://t.co/Bm0yNV3Ff3 https://t.co/h3YnFkmSQJ",15,@CBS
0.1779,Thu Jun 14 16:19:32 +0000 2018,0.12,0.734,0.147,RT @StrangeAngel: Mastermind or maniac? Explore the brilliant mind of Jack Parsons in #StrangeAngel. Now streaming on CBS All Access: https‚Ä¶,16,@CBS
-0.5562,Tue Jun 12 00:19:23 +0000 2018,0.315,0.551,0.134,"No pain, no gain, ALL Hart! Just one month until the premiere of @TKOCBS hosted by @KevinHart4real. https://t.co/C1yMCglxVn",17,@CBS
0.5093,Mon Jun 11 22:23:06 +0000 2018,0.0,0.829,0.171,"RT @TheNeighborhood: Welcome to #TheNeighborhood, @BethBehrs! The @2BrokeGirls star returns to @CBS in a new sitcom alongside @CedEntertain‚Ä¶",18,@CBS
-0.296,Mon Jun 11 19:01:38 +0000 2018,0.167,0.833,0.0,"In case you missed it, watch the entire #TonyAwards now: https://t.co/Bm0yNV3Ff3 https://t.co/3GA5otlcPa",19,@CBS
0.0,Mon Jun 11 14:00:37 +0000 2018,0.0,1.0,0.0,How do you know @SaraBareilles and @joshgroban's music? #TonyAwards https://t.co/POMXBORfUT,20,@CBS
0.0,Mon Jun 11 06:19:36 +0000 2018,0.0,1.0,0.0,Here are all the performances from the 2018 #TonyAwards: https://t.co/gN4ItpFlRd https://t.co/fSMNBXKC9r,21,@CBS
0.4767,Mon Jun 11 06:04:41 +0000 2018,0.0,0.78,0.22,See the complete list of winners from the 2018 #TonyAwards: https://t.co/9XK6CGeber https://t.co/HkUIN4Quej,22,@CBS
0.8478,Mon Jun 11 03:10:33 +0000 2018,0.0,0.594,0.406,An end to a magical evening. The Band's Visit wins for Best Musical! #TonyAwards https://t.co/ODza97n8YH,23,@CBS
0.92,Mon Jun 11 03:02:06 +0000 2018,0.0,0.537,0.463,Congratulations are in order for @TheKatrinaLenk! She just won for Best Leading Actress in a Musical. #TonyAwards https://t.co/t9bNvpiEmH,24,@CBS
0.4404,Mon Jun 11 02:58:30 +0000 2018,0.088,0.737,0.175,"RT @CBSThisMorning: Hmm... something seems off here @SaraBareilles @JoshGroban. üòÇ

@WaitressMusical @GreatCometBway #TonyAwards https://t.c‚Ä¶",25,@CBS
0.4404,Mon Jun 11 02:56:40 +0000 2018,0.0,0.847,0.153,RT @_stobin13: watching the #TonyAwards after going to 3 broadway shows this weekend makes it even better üòçü§©,26,@CBS
0.836,Mon Jun 11 02:56:10 +0000 2018,0.0,0.533,0.467,Tony Shalhoub wins Best Leading Actor in a Musical. #TonyAwards   #TheBandsVisit https://t.co/KcUDSicKI5,27,@CBS
0.0,Mon Jun 11 02:53:00 +0000 2018,0.0,1.0,0.0,The Boss looks right at home on the #TonyAwards stage! https://t.co/pwjv4iydkn,28,@CBS
0.6369,Mon Jun 11 02:47:29 +0000 2018,0.0,0.682,0.318,RT @Aatamianphoto: Springsteen is on the #TonyAwards and I love it.,29,@CBS
0.7978,Mon Jun 11 02:44:50 +0000 2018,0.0,0.457,0.543,Inspiration: Get to your YES! #OnceOnThisIsland #TonyAwards https://t.co/Wjp0QIWfXq,30,@CBS
0.9523,Mon Jun 11 02:44:37 +0000 2018,0.0,0.484,0.516,The feeling when you win a Tony. üôå¬†Congratulations to Once on This Island for winning Best Revival of a Musical!‚Ä¶ https://t.co/UpFCqgBTwh,31,@CBS
0.5994,Mon Jun 11 02:33:09 +0000 2018,0.0,0.698,0.302,What a beautiful performance by the cast of #TheBandsVisit. #TonyAwards https://t.co/4Hw96kZvrf,32,@CBS
0.4215,Mon Jun 11 02:29:18 +0000 2018,0.0,0.877,0.123,"""I'm a living example of how theatre can change you - and it didn't just change me, it saved me."" @JohnLeguizamo at‚Ä¶ https://t.co/4ICwMhb6hv",33,@CBS
0.8932,Mon Jun 11 02:23:56 +0000 2018,0.0,0.483,0.517,Angels in America takes the win for Best Revival of a Play! #TonyAwards https://t.co/zodW61tw8a,34,@CBS
0.0,Mon Jun 11 02:21:03 +0000 2018,0.0,1.0,0.0,"RT @leahableson: The Once On This Island Goat And Chicken made it to the broadcast, Mama WILL provide #TonyAwards",35,@CBS
0.0,Mon Jun 11 02:16:06 +0000 2018,0.0,1.0,0.0,That performance was the GOAT. #TonyAwards https://t.co/mtoU92HipQ,36,@CBS
0.8908,Mon Jun 11 02:11:03 +0000 2018,0.0,0.509,0.491,Harry Potter and the Cursed Child wins Best Play at the #TonyAwards! @HPPlayNYC https://t.co/WIqJQmtAlN,37,@CBS
0.0,Mon Jun 11 02:05:47 +0000 2018,0.0,1.0,0.0,üé∂ ‚ÄúLet's dance this last dance tonight.‚Äù üé∂ #TonyAwards #DonnaSummerMusical https://t.co/UAIaglChfv,38,@CBS
0.4926,Mon Jun 11 02:03:31 +0000 2018,0.0,0.738,0.262,Hope he brought enough birthday cake for everyone! #TonyAwards https://t.co/FlLbKV6oj8,39,@CBS
0.5093,Mon Jun 11 01:58:48 +0000 2018,0.0,0.477,0.523,@writerlindsayb You're welcome! #TonyAwards,40,@CBS
0.7579,Mon Jun 11 01:53:17 +0000 2018,0.0,0.519,0.481,RT @hjmayer8: I sure do love @DearEvanHansen üíô #TonyAwards,41,@CBS
0.6467,Mon Jun 11 01:51:16 +0000 2018,0.0,0.752,0.248,"RT @Valerie4815: What a birthday present, the Tony audience singing happy birthday to you!! #TonyAwards",42,@CBS
0.0,Mon Jun 11 01:38:23 +0000 2018,0.0,1.0,0.0,If only this performance could go on forever. #TonyAwards @FrozenBroadway https://t.co/p2BMUvyTxr,43,@CBS
0.636,Mon Jun 11 01:37:36 +0000 2018,0.0,0.724,0.276,RT @anna_villanueva: Magnificent performance from the cast of @FrozenBroadway! #TonyAwards2018 #TonyAwards #Tonys,44,@CBS
0.8834,Mon Jun 11 01:30:56 +0000 2018,0.0,0.437,0.563,Glenda Jackson wins Best Leading Actress in a Play. #TonyAwards @threetallwomen https://t.co/GRp1gcBuiW,45,@CBS
0.0,Mon Jun 11 01:29:21 +0000 2018,0.0,1.0,0.0,.@SaraBareilles is totally a Gryffindor. #TonyAwards https://t.co/OPQ7esk2dn,46,@CBS
0.7351,Mon Jun 11 01:26:03 +0000 2018,0.079,0.625,0.296,RT @IzzyNY202: How impressive are these Marjory Stoneman Douglas students? That #TonyAwards performance reduced me to tears. Amazing.,47,@CBS
0.0,Mon Jun 11 01:25:59 +0000 2018,0.0,1.0,0.0,RT @KatLargent: MAGIC #TonyAwards,48,@CBS
0.0,Mon Jun 11 01:24:46 +0000 2018,0.0,1.0,0.0,Such a touching moment at the #TonyAwards. ‚ù§Ô∏è https://t.co/4kJWTHVPZ8,49,@CBS
0.4019,Mon Jun 11 01:24:12 +0000 2018,0.0,0.838,0.162,.@Matt_Morrison welcomes the Marjory Stoneman Douglas High School theatre department to the stage. #TonyAwards https://t.co/5dxa9smeka,50,@CBS
0.9151,Mon Jun 11 01:19:59 +0000 2018,0.0,0.543,0.457,So many feels at the #TonyAwards. Congratulations to @arielstachel for winning Best Featured Actor in a Musical!‚Ä¶ https://t.co/m1aRNIHPRK,51,@CBS
0.6369,Mon Jun 11 01:12:31 +0000 2018,0.0,0.625,0.375,RT @McBenefit: I love everything about you @UzoAduba. #TonyAwards,52,@CBS
0.1511,Mon Jun 11 01:08:28 +0000 2018,0.0,0.898,0.102,RT if that musical number by the cast of Carousel blew you away! #TonyAwards https://t.co/CMzMNtcAQO,53,@CBS
0.1531,Mon Jun 11 01:08:24 +0000 2018,0.0,0.852,0.148,Nathan Lane saw his #AngelsinAmerica role as a challenge. How will you challenge yourself in 2018? #TonyAwards https://t.co/3WXd6AqgBi,54,@CBS
0.8834,Mon Jun 11 01:02:47 +0000 2018,0.0,0.437,0.563,Nathan Lane wins Best Featured Actor in a Play. #TonyAwards @angelsbway https://t.co/xc8M7JtLDE,55,@CBS
0.0,Mon Jun 11 00:58:06 +0000 2018,0.0,1.0,0.0,üåü¬†@joshgroban and @SaraBareilles are Host Goals. üåü #TonyAwards https://t.co/OGQec8cXJ6,56,@CBS
0.2714,Mon Jun 11 00:52:34 +0000 2018,0.0,0.793,0.207,RT @adub369: This is unbelievable! @SaraBareilles and @joshgroban #TonyAwards,57,@CBS
0.0,Mon Jun 11 00:51:11 +0000 2018,0.0,1.0,0.0,Who lives in a pineapple and just performed at The Tonys? üççüé∂ The cast of SpongeBob SquarePants: The Musical!‚Ä¶ https://t.co/mvFxdh9UJi,58,@CBS
0.8883,Mon Jun 11 00:50:18 +0000 2018,0.0,0.433,0.567,‚ú® @LindsayMendez wins Best Featured Actress in a Musical! #TonyAwards @carouselbway https://t.co/MtgFowscN5,59,@CBS
0.9134,Mon Jun 11 00:45:14 +0000 2018,0.0,0.387,0.613,A big congratulations to @springsteen for his Special Tony award! ‚ú®¬†#TonyAwards https://t.co/i16u8uv9aT,60,@CBS
0.0,Mon Jun 11 00:44:36 +0000 2018,0.0,1.0,0.0,Can the 73rd annual #TonyAwards just be three-hours of @TitussBurgess? https://t.co/3rCZwwTUtv,61,@CBS
0.25,Mon Jun 11 00:35:41 +0000 2018,0.0,0.92,0.08,"RT @CBSThisMorning: ""We know there are a lot of you out there who have photos of yourself in school plays or community theater."" Post your‚Ä¶",62,@CBS
0.4588,Mon Jun 11 00:34:45 +0000 2018,0.0,0.85,0.15,Keep your acceptance speeches short or else the #TonyAwards will get the angels involved. #AngelsInAmerica üëº https://t.co/oznhezRzDc,63,@CBS
0.0,Mon Jun 11 00:31:28 +0000 2018,0.0,1.0,0.0,"If you haven't started singing, you will be the rest of the night. #TonyAwards #MyFairLady https://t.co/jbGXwnru8N",64,@CBS
0.3612,Mon Jun 11 00:27:42 +0000 2018,0.0,0.737,0.263,RT @marialena_rago: I like this opener for @MyFairLadyBway #TonyAwards,65,@CBS
0.8908,Mon Jun 11 00:27:00 +0000 2018,0.0,0.43,0.57,Laurie Metcalf wins Best Featured Actress in a Play! #TonyAwards @threetallwomen https://t.co/y4teyJaRPs,66,@CBS
0.0,Mon Jun 11 00:24:31 +0000 2018,0.0,1.0,0.0,Tina Fey has a boat?? #MeanGirls #TonyAwards https://t.co/phYxmHMd3d,67,@CBS
0.0,Mon Jun 11 00:22:15 +0000 2018,0.0,1.0,0.0,Representing the hardest-working men and women in Broadway‚Ä¶¬†ensemble members from every nominated musical tonight!‚Ä¶ https://t.co/imlEEnOUla,68,@CBS
0.6369,Mon Jun 11 00:22:15 +0000 2018,0.0,0.588,0.412,RT @misschae: I love theatre so much. #TonyAwards,69,@CBS
0.0,Mon Jun 11 00:18:16 +0000 2018,0.0,1.0,0.0,On Wednesdays they wear pink and on Sundays they perform at the #TonyAwards. üíï Who thought that performance by the‚Ä¶ https://t.co/w7QDkaX6kF,70,@CBS
0.6369,Mon Jun 11 00:13:27 +0000 2018,0.0,0.756,0.244,"RT @MichaelJMoritz: ""We are all made perfectly and we all belong‚Äù - Andrew Garfield #TonyAwards",71,@CBS
0.8834,Mon Jun 11 00:12:31 +0000 2018,0.0,0.437,0.563,Andrew Garfield wins Best Leading Actor in a Play. #TonyAwards @angelsbway https://t.co/s2VQnw6IPP,72,@CBS
0.6696,Mon Jun 11 00:06:39 +0000 2018,0.0,0.64,0.36,"RT @nightingalen: Love this opening song! @joshgroban
@SaraBarreilles 
#TonyAwards",73,@CBS
0.3182,Mon Jun 11 00:04:15 +0000 2018,0.0,0.85,0.15,‚ú® @joshgroban and @SaraBareilles take the stage to begin an unforgettable evening. #TonyAwards https://t.co/y9uzlK2DzO,74,@CBS
0.0,Sun Jun 10 23:59:00 +0000 2018,0.0,1.0,0.0,Grab your popcorn... it's time for the #TonyAwards! Go and stream the entire show now: https://t.co/Wo1algQHix https://t.co/JGYTk4NPDN,75,@CBS
0.4374,Sun Jun 10 23:18:15 +0000 2018,0.0,0.855,0.145,‚ú® @thegoodfight's Christine Baranski has arrived on the #TonyAwards red carpet! Watch LIVE at 8/7c on CBS! https://t.co/XnXAnPtRrc,76,@CBS
0.0,Sun Jun 10 22:01:25 +0000 2018,0.0,1.0,0.0,"The hosts have arrived! We're LIVE with @SaraBareilles, @joshgroban and more on the #TonyAwards red carpet hosted b‚Ä¶ https://t.co/NtarbgywLe",77,@CBS
0.4184,Sun Jun 10 15:00:01 +0000 2018,0.0,0.843,0.157,Tonight's the night! Join @etnow's @DDirecto on the #TonyAwards' red carpet starting at 5PM ET! https://t.co/hZLOSiIRAT,78,@CBS
0.68,Sat Jun 09 21:00:02 +0000 2018,0.0,0.763,0.237,These two know a thing or two about awards! Watch them light up the stage tomorrow at the #TonyAwards. ‚ú® https://t.co/KHVZp65oLS,79,@CBS
0.0,Sat Jun 09 16:00:00 +0000 2018,0.0,1.0,0.0,Here's everything you need to know before watching the #TonyAwards this Sunday at 8/7c: https://t.co/jcRgNGmLUZ https://t.co/8suUhVPFK6,80,@CBS
0.296,Fri Jun 08 19:46:17 +0000 2018,0.0,0.82,0.18,Join @etnow's @DDirecto this Sunday on the #TonyAwards' red carpet. https://t.co/7jS8g10KmY,81,@CBS
0.0,Fri Jun 08 15:00:03 +0000 2018,0.0,1.0,0.0,Here's @laChanze with a reminder that you can stream the #TonyAwards this Sunday on CBS All Access! https://t.co/8TDEXzKmyQ,82,@CBS
0.9078,Fri Jun 08 13:58:15 +0000 2018,0.0,0.564,0.436,"We all get by with a little help from our friends, so what better way to celebrate #NationalBestFriendsDay than to‚Ä¶ https://t.co/pIZezbBwaT",83,@CBS
0.3612,Thu Jun 07 17:03:26 +0000 2018,0.0,0.872,0.128,"Get ready for show-stopping performances by the casts of the 2018 Tony-nominated shows Mean Girls, SpongeBob Square‚Ä¶ https://t.co/NiSx9Bbw0F",84,@CBS
0.2732,Wed Jun 06 21:00:24 +0000 2018,0.105,0.719,0.176,Don‚Äôt miss a special performance from @springsteen this Sunday at the #TonyAwards: https://t.co/LYYdleaFwU https://t.co/IKkKoITH9y,85,@CBS
0.3595,Wed Jun 06 00:08:30 +0000 2018,0.0,0.872,0.128,"RT @CBSThisMorning: .@SaraBareilles and @joshgroban are hosting this Sunday's @TheTonyAwards on @CBS! 

Wednesday, they'll join us LIVE on‚Ä¶",86,@CBS
-0.4404,Tue Jun 05 22:23:35 +0000 2018,0.177,0.723,0.1,"RT @SU2C: SU2C telecast Co-Executive Producer Bradley Cooper sits down with Mitch Carbon, a pediatric cancer survivor who benefited from #S‚Ä¶",87,@CBS
0.4574,Tue Jun 05 22:12:28 +0000 2018,0.0,0.824,0.176,RT @StrangeAngel: About last night... The #StrangeAngel screening party was a blast! Pun intended. üöÄüòè https://t.co/m64EcNmweY,88,@CBS
0.5093,Tue Jun 05 19:00:02 +0000 2018,0.0,0.845,0.155,These CBS stars can really belt it out! Find out which celebs from your favorite shows are pitch-perfect:‚Ä¶ https://t.co/X4zMACFazB,89,@CBS
0.0,Tue Jun 05 15:04:41 +0000 2018,0.0,1.0,0.0,"More stars are set to appear at the #TonyAwards, including @billyjoel, @amyschumer, and @katharinemcphee. See who e‚Ä¶ https://t.co/lPUocBcn9t",90,@CBS
0.0,Mon Jun 04 17:00:00 +0000 2018,0.0,1.0,0.0,"The #TonyAwards are just days away, and @joshgroban and @SaraBareilles will bring all they've got to Broadway's Big‚Ä¶ https://t.co/eKkWn6ClSq",91,@CBS
-0.3903,Fri Jun 01 17:39:17 +0000 2018,0.131,0.807,0.062,"Call us old-fashioned, but we donut want you missing out on #NationalDonutDay! Here are a few treats from us to you‚Ä¶ https://t.co/HpzN8bQ3SO",92,@CBS
0.8442,Fri Jun 01 17:00:03 +0000 2018,0.0,0.664,0.336,Remember @Lin_Manuel‚Äôs beautiful sonnet from the 70th Annual Tony Awards¬Æ? Relive some of the greatest moments in‚Ä¶ https://t.co/IZjeQLd58C,93,@CBS
0.8932,Thu May 31 23:50:00 +0000 2018,0.0,0.545,0.455,"Good friends @joshgroban and @SaraBareilles are hosting the #TonyAwards together? Well, this is bound to be fun! https://t.co/26Vgzp0s2e",94,@CBS
0.4926,Wed May 30 15:07:34 +0000 2018,0.0,0.849,0.151,"The #TonyAwards just got even better because @UzoAduba, @MattBomer, and more stars will be presenting live! Find ou‚Ä¶ https://t.co/hfFBtWo1T9",95,@CBS
0.0,Mon May 28 21:00:01 +0000 2018,0.0,1.0,0.0,"Mark your calendars. @SalvationCBS returns Monday, June 25 at 9/8c! ‚òÑÔ∏è https://t.co/N9pYuhYLRF",96,@CBS
0.0,Mon May 28 02:08:19 +0000 2018,0.0,1.0,0.0,RT @thegoodfight: All episodes of season 2 are now available. Stream #TheGoodFight on CBS All Access: https://t.co/k3tn8kR9KC https://t.co/‚Ä¶,97,@CBS
0.6239,Wed May 23 23:07:38 +0000 2018,0.0,0.797,0.203,Get the popcorn ready! üçø  It's going to be an unforgettable @survivorcbs finale. Make sure to tune in TONIGHT at 8/‚Ä¶ https://t.co/vp0JyqfXMQ,98,@CBS
0.5859,Wed May 23 19:02:43 +0000 2018,0.0,0.826,0.174,"RT @StrangeAngel: Every brilliant mind has a dark side. #StrangeAngel launches June 14, only on CBS All Access. https://t.co/y0MZg1BzEB htt‚Ä¶",99,@CBS
-0.4215,Thu Jul 05 00:46:00 +0000 2018,0.135,0.865,0.0,The White House has said struggling Chinese tech giant ZTE can temporarily restart some of its business activities‚Ä¶ https://t.co/UVSS1hqtcU,0,@CNN
0.0,Thu Jul 05 00:42:31 +0000 2018,0.0,1.0,0.0,China makes more fireworks than anywhere else in the world. @CNNStyle went inside one of the country's largest fire‚Ä¶ https://t.co/DVZ7Vnl85a,1,@CNN
0.2023,Thu Jul 05 00:37:38 +0000 2018,0.078,0.814,0.109,"Is ""Starbucks fatigue"" setting in? The CEO of Coffee Bean &amp; Tea Leaf says he hopes that as the Seattle giant plans‚Ä¶ https://t.co/jXrrZMGYAt",2,@CNN
0.4215,Thu Jul 05 00:31:00 +0000 2018,0.0,0.798,0.202,"83-year-old artist Christo has been creating conceptually challenging, and large-scale work since the late 1950s. N‚Ä¶ https://t.co/v5ROrF5f2c",3,@CNN
0.34,Thu Jul 05 00:21:00 +0000 2018,0.057,0.826,0.117,"Online shopping has put a serious dent on brick and mortar retail, and the July 4th holiday marks the beginning of‚Ä¶ https://t.co/TowvJ5GoOF",4,@CNN
0.357,Thu Jul 05 00:15:37 +0000 2018,0.0,0.899,0.101,"RT @CNNSitRoom: Rep. Smith says he believes the 'abolish ICE' movement is talking about the policies, not arguing for open borders: ""The im‚Ä¶",5,@CNN
0.0,Thu Jul 05 00:11:11 +0000 2018,0.0,1.0,0.0,"A woman's toenails fell off due to a fish pedicure she'd had months prior, according to a new report‚Ä¶ https://t.co/pVssyhQThl",6,@CNN
0.0,Thu Jul 05 00:10:21 +0000 2018,0.0,1.0,0.0,RT @CNNSitRoom: Rep. Smith about Trump's relationship with Putin: I believe the President is lining us up with an authoritarian dictator in‚Ä¶,7,@CNN
0.0,Wed Jul 04 23:57:39 +0000 2018,0.0,1.0,0.0,The Department of Health and Human Services is suggesting that arrangements necessary to accommodate lawmakers who‚Ä¶ https://t.co/kBM2BWTUbT,8,@CNN
0.1531,Wed Jul 04 23:46:26 +0000 2018,0.092,0.792,0.117,Secretary of State Mike Pompeo heads to North Korea under pressure to produce tangible signs of progress as US inte‚Ä¶ https://t.co/bfVZDdhRKp,9,@CNN
0.0,Wed Jul 04 23:29:44 +0000 2018,0.0,1.0,0.0,These immigrants became American citizens in the time of Trump. Here are their stories. https://t.co/ciQGlYh6AM https://t.co/sSrGJ0BIgI,10,@CNN
-0.5574,Wed Jul 04 23:17:45 +0000 2018,0.175,0.825,0.0,"At least 17 people have died in Quebec due to high heat and humidity, officials say https://t.co/P0cueH79fP https://t.co/tTabMJ85JL",11,@CNN
0.34,Wed Jul 04 23:03:57 +0000 2018,0.082,0.779,0.139,Police have captured a woman who climbed the base of the Statue of Liberty in a protest over the separation of migr‚Ä¶ https://t.co/NWOQp00WfX,12,@CNN
0.0,Wed Jul 04 23:01:08 +0000 2018,0.0,1.0,0.0,"Scientists have used in-vitro fertilization techniques to develop hybrid rhino embryos -- ""test-tube rhinos"" -- whi‚Ä¶ https://t.co/snkMEFHmnF",13,@CNN
0.2732,Wed Jul 04 22:57:10 +0000 2018,0.137,0.643,0.221,2 doctors involved in the rescue of 33 trapped Chilean miners share their insight on the Thai cave rescue‚Ä¶ https://t.co/SlSVZ7AVyR,14,@CNN
0.2023,Wed Jul 04 22:41:07 +0000 2018,0.0,0.909,0.091,Nearly 200 black female leaders and allies outside of Congress have signed a letter calling on top congressional De‚Ä¶ https://t.co/zxW8fRXcqD,15,@CNN
0.5267,Wed Jul 04 22:40:48 +0000 2018,0.0,0.815,0.185,BREAKING: Police have captured a protester who climbed the base of the Statue of Liberty https://t.co/UYpqI3w42L https://t.co/a6ZkmS8SNX,16,@CNN
-0.5267,Wed Jul 04 22:32:19 +0000 2018,0.134,0.866,0.0,Footage of the 12 boys and their soccer coach who are trapped in a Thai cave network shows them wrapped in foil bla‚Ä¶ https://t.co/tJwcIRgjte,17,@CNN
-0.1027,Wed Jul 04 22:14:26 +0000 2018,0.116,0.782,0.102,"RT @CNNSitRoom: New video released by the Thai Navy SEALs show the boys trapped in a cave wrapped in foil blankets for warmth, as they spea‚Ä¶",18,@CNN
0.1531,Wed Jul 04 22:06:07 +0000 2018,0.12,0.729,0.151,Why Scott Pruitt got off easy in his restaurant confrontation | By Jay Parini via @CNNOpinion‚Ä¶ https://t.co/Jyt7VXlctf,19,@CNN
-0.6249,Wed Jul 04 21:56:04 +0000 2018,0.362,0.638,0.0,Caroline Wozniacki's #Wimbledon woes show no sign of ending https://t.co/1WQR1rBP4p https://t.co/qmRh9S6FCD,20,@CNN
0.7003,Wed Jul 04 21:46:05 +0000 2018,0.0,0.734,0.266,French President Emmanuel Macron has praised the skills of an 11-year-old Nigerian artist who drew a stunning portr‚Ä¶ https://t.co/lywjAve5zU,21,@CNN
-0.5267,Wed Jul 04 21:41:12 +0000 2018,0.188,0.812,0.0,"Two people found unconscious in southern England were exposed to Novichok, the same nerve agent used to attack an e‚Ä¶ https://t.co/QEqG8U5rvv",22,@CNN
-0.0772,Wed Jul 04 21:37:37 +0000 2018,0.061,0.939,0.0,"JUST IN: Two people found unconscious in southern England were exposed to Novichok, the same nerve agent used to at‚Ä¶ https://t.co/PNgHZulMKr",23,@CNN
-0.3612,Wed Jul 04 21:36:03 +0000 2018,0.128,0.872,0.0,Illinois GOP Gov. Bruce Rauner denounced the Holocaust denier who's running for the state's 3rd Congressional Distr‚Ä¶ https://t.co/cddWsIpAeC,24,@CNN
0.0,Wed Jul 04 21:26:07 +0000 2018,0.0,1.0,0.0,Sens. Lindsey Graham and Elizabeth Warren spent their Fourth of July finishing up a multi-day visit to Iraq by meet‚Ä¶ https://t.co/vzq345Sruq,25,@CNN
-0.7351,Wed Jul 04 21:16:04 +0000 2018,0.237,0.763,0.0,"Feuding founders Thomas Jefferson and John Adams both died hours apart on July 4, 1826 -- the 50th anniversary of t‚Ä¶ https://t.co/B8hRw2vclH",26,@CNN
0.0,Wed Jul 04 21:15:58 +0000 2018,0.0,1.0,0.0,RT @TheLeadCNN: Experts and dive teams working to evacuate 12 boys and their soccer coach from a cave in Thailand have to deal with many el‚Ä¶,27,@CNN
-0.5994,Wed Jul 04 21:04:34 +0000 2018,0.151,0.849,0.0,"73 years after the end of World War II, these Nazi hunters have turned their attention to the rise of neo-fascism |‚Ä¶ https://t.co/Y31J221Saw",28,@CNN
0.1027,Wed Jul 04 21:01:25 +0000 2018,0.0,0.92,0.08,"Steny Hoyer, a top-ranking House Democrat, was admitted to the hospital Tuesday and diagnosed with pneumococcal pne‚Ä¶ https://t.co/udrwQDBJmI",29,@CNN
0.0,Wed Jul 04 20:57:04 +0000 2018,0.0,1.0,0.0,Michael Avenatti says he would be qualified to be president because he has ‚Äúthree things‚Äù that he believes Donald T‚Ä¶ https://t.co/zW2Yj5Vi07,30,@CNN
0.7783,Wed Jul 04 20:42:52 +0000 2018,0.0,0.714,0.286,BREAKING: A person has climbed the base of the Statue of Liberty. Liberty Island has been evacuated while authoriti‚Ä¶ https://t.co/Jgyfoudhib,31,@CNN
0.0,Wed Jul 04 20:31:00 +0000 2018,0.0,1.0,0.0,"House GOP Rep. Tom Reed refuses to say whether or not Scott Pruitt should go but says he personally tries to ""engag‚Ä¶ https://t.co/fcMs3wbPKG",32,@CNN
0.2235,Wed Jul 04 20:21:07 +0000 2018,0.0,0.905,0.095,Cerebral palsy didn't stop this 9-year-old girl from saving her baby brother from drowning. Her actions have earned‚Ä¶ https://t.co/n6VkRcRJYf,33,@CNN
0.3612,Wed Jul 04 20:16:00 +0000 2018,0.0,0.894,0.106,"""I do agree that Russian meddling in our election did exist,"" says House Rep. Tom Reed on the bipartisan senate rep‚Ä¶ https://t.co/Lxw3E0N7t9",34,@CNN
0.9468,Wed Jul 04 20:11:03 +0000 2018,0.0,0.509,0.491,"""I believe in a win, win game. Let's help Africa to succeed. Let's provide new hope for African youth in Africa."" F‚Ä¶ https://t.co/Xh92IHIQ7i",35,@CNN
0.0,Wed Jul 04 20:01:18 +0000 2018,0.0,1.0,0.0,Michael Cohen drops the reference ‚Äúpersonal attorney to President Donald J. Trump‚Äù from his Twitter biography‚Ä¶ https://t.co/peRbMModB8,36,@CNN
-0.296,Wed Jul 04 19:55:01 +0000 2018,0.099,0.901,0.0,"Hours of heavy rain caused flooding in parts of Houston, leading officials to tell residents to avoid driving and s‚Ä¶ https://t.co/nu5imVBuK4",37,@CNN
0.3612,Wed Jul 04 19:54:13 +0000 2018,0.0,0.902,0.098,"RT @CNNnewsroom: ""I do agree that Russian meddling in our election did exist,"" says House Rep. Tom Reed on the bipartisan senate report on‚Ä¶",38,@CNN
-0.2263,Wed Jul 04 19:48:06 +0000 2018,0.235,0.567,0.198,A person's desire to commit a physical or sexually violent act may be stopped with a quick physical intervention in‚Ä¶ https://t.co/ekfaOBNBxA,39,@CNN
0.4767,Wed Jul 04 19:46:55 +0000 2018,0.0,0.89,0.11,"RT @CNNnewsroom: House GOP Rep. Tom Reed refuses to say whether or not Scott Pruitt should go but says he personally tries to ""engage as a‚Ä¶",40,@CNN
0.0,Wed Jul 04 19:45:10 +0000 2018,0.0,1.0,0.0,Senate Majority Leader Mitch McConnell said he doesn't think that there's much the federal government can do to ens‚Ä¶ https://t.co/dIuGCNspyK,41,@CNN
0.0,Wed Jul 04 19:41:40 +0000 2018,0.0,1.0,0.0,RT @CNNPolitics: Michael Cohen drops the reference ‚Äúpersonal attorney to President Donald J. Trump‚Äù from his Twitter biography https://t.co‚Ä¶,42,@CNN
0.0,Wed Jul 04 19:39:49 +0000 2018,0.0,1.0,0.0,"Michael Avenatti, the lawyer representing adult film actress Stormy Daniels, floated the possibility that he might‚Ä¶ https://t.co/PWdPTebH4t",43,@CNN
-0.6369,Wed Jul 04 19:25:56 +0000 2018,0.181,0.819,0.0,"RT @CNNnewsroom: Despite Rep. Jim Jordan's denials, ex-Ohio State wrestler Mike DiSabato maintains Jordan knew of abuse allegations: ""I tal‚Ä¶",44,@CNN
-0.5106,Wed Jul 04 19:24:26 +0000 2018,0.148,0.852,0.0,"Walmart pulls ""Impeach 45"" T-shirts and baby onesies from its website after the clothing sparked an outcry from sup‚Ä¶ https://t.co/MQpodpz1uB",45,@CNN
0.2023,Wed Jul 04 19:13:16 +0000 2018,0.0,0.904,0.096,President Donald Trump last August asked several top foreign policy advisers about the possibility of invading Vene‚Ä¶ https://t.co/gIdndtk8FK,46,@CNN
0.7096,Wed Jul 04 19:06:20 +0000 2018,0.0,0.718,0.282,"Disney Imagineering has just released video of ""Stuntronics"" ‚Äî robots capable of performing impressive stunts at it‚Ä¶ https://t.co/oij5zYhOsc",47,@CNN
0.0,Wed Jul 04 18:51:02 +0000 2018,0.0,1.0,0.0,Americans' changing drinking habits have been taking shape for years and the 4 major US beer brands have been hit p‚Ä¶ https://t.co/ITb2hnjlm2,48,@CNN
0.0,Wed Jul 04 18:50:00 +0000 2018,0.0,1.0,0.0,A police officer asked a 6-year-old girl in a wheelchair to dance. The internet swooned. https://t.co/lcjkyB8LSz https://t.co/TZFdYkK7Hk,49,@CNN
0.2006,Wed Jul 04 18:40:00 +0000 2018,0.096,0.778,0.126,Only 47% of Americans say they are extremely proud to be an American -- the lowest level since Gallup first asked t‚Ä¶ https://t.co/KUtHZ1Bn19,50,@CNN
0.0,Wed Jul 04 18:39:38 +0000 2018,0.0,1.0,0.0,"3.3 million-year-old fossil shows that ancient toddlers climbed trees, researchers say https://t.co/gjzIbeKlJr https://t.co/IBDGPOZk6n",51,@CNN
0.0,Wed Jul 04 18:20:06 +0000 2018,0.0,1.0,0.0,"Michael Cohen drops the reference ""personal attorney to President Donald J. Trump"" from his Twitter bio‚Ä¶ https://t.co/3K9PCW11JO",52,@CNN
-0.926,Wed Jul 04 18:10:09 +0000 2018,0.529,0.471,0.0,"Florida prosecutors will seek the death penalty against a grandmother accused of killing a woman, then impersonatin‚Ä¶ https://t.co/LSfgOlX3DB",53,@CNN
0.0,Wed Jul 04 18:00:06 +0000 2018,0.0,1.0,0.0,"Scientists have used in-vitro fertilization techniques to develop hybrid rhino embryos -- ""test-tube rhinos"" -- whi‚Ä¶ https://t.co/eVzVx46PTb",54,@CNN
0.0,Wed Jul 04 17:50:00 +0000 2018,0.0,1.0,0.0,Watch these thrill-seekers take a 853-foot bungee jump off the world's highest glass-bottomed bridge‚Ä¶ https://t.co/i4IWIy07Cm,55,@CNN
0.0,Wed Jul 04 17:40:08 +0000 2018,0.0,1.0,0.0,Why some polls may be underestimating Democrats | Analysis by @ForecasterEnten https://t.co/ZFosXIBFVF https://t.co/bH8Vc9rBTd,56,@CNN
0.5267,Wed Jul 04 17:30:00 +0000 2018,0.0,0.793,0.207,Justice Kennedy's retirement is leaving an age disparity between Democrat-nominated and Republican-nominated justic‚Ä¶ https://t.co/xiT8MimvNI,57,@CNN
0.0,Wed Jul 04 17:20:06 +0000 2018,0.0,1.0,0.0,"Scarlett Johansson is once again at the center of a Hollywood casting controversy over the film ""Rub &amp; Tug,"" in whi‚Ä¶ https://t.co/gktSj8T1T9",58,@CNN
0.0,Wed Jul 04 17:10:06 +0000 2018,0.0,1.0,0.0,Western US cities are scrapping July 4 fireworks because of wildfires. So they're using drones instead.‚Ä¶ https://t.co/EEIedBcsHg,59,@CNN
0.0,Wed Jul 04 17:10:05 +0000 2018,0.0,1.0,0.0,Western US cities are scrapping July 4 fireworks because of wildfires. So they're using drones instead.‚Ä¶ https://t.co/1hMkkfcQHy,60,@CNN
-0.6808,Wed Jul 04 17:07:07 +0000 2018,0.237,0.763,0.0,"President Trump appeared to rely on a dubious Fox News report to unleash an attack on his predecessor.

Without any‚Ä¶ https://t.co/GX8ClvQVlJ",61,@CNN
0.4215,Wed Jul 04 16:50:00 +0000 2018,0.0,0.843,0.157,Watch this rescued chimpanzee go bananas after being reunited with the couple that raised him‚Ä¶ https://t.co/r5B2vCcwvD,62,@CNN
-0.8885,Wed Jul 04 16:49:11 +0000 2018,0.292,0.708,0.0,"RT @CNNnewsroom: Rep. Jim Jordan confirms he knew Dr. Strauss when he worked at Ohio State University but denies he knew about any abuse: ""‚Ä¶",63,@CNN
0.6808,Wed Jul 04 16:41:25 +0000 2018,0.0,0.763,0.237,"2017 saw a record number of store closings ‚Äî but in that same year, low-price and premium retailers saw strong sale‚Ä¶ https://t.co/nFLkTN64gU",64,@CNN
0.4019,Wed Jul 04 16:26:00 +0000 2018,0.0,0.891,0.109,Former Real Madrid and Brazil star Ronaldo sends his support as the football world urges boys in Thai cave to 'be s‚Ä¶ https://t.co/abWoegu8kT,65,@CNN
-0.3612,Wed Jul 04 16:13:20 +0000 2018,0.143,0.857,0.0,'They treated us as though we were animals': Letters from inside an immigration detention facility‚Ä¶ https://t.co/Np13xnBE1O,66,@CNN
0.5423,Wed Jul 04 15:59:52 +0000 2018,0.0,0.743,0.257,Senate panel agrees with intel community that Putin was trying to help Trump https://t.co/fyI5Uuinhg https://t.co/XppJuIqwZh,67,@CNN
0.0,Wed Jul 04 15:50:02 +0000 2018,0.0,1.0,0.0,Global employment is rising. Wages not so much. https://t.co/EnZrOrNsTS https://t.co/bIJQrM9mzC,68,@CNN
-0.5267,Wed Jul 04 15:43:22 +0000 2018,0.129,0.871,0.0,"RT @CNNnewsroom: Former Trump campaign adviser Steve Cortes says ""Pruitt has to go,"" says ""all the things he's doing just reek of the swamp‚Ä¶",69,@CNN
0.0,Wed Jul 04 15:41:33 +0000 2018,0.0,1.0,0.0,"More Americans are putting down Buds and Coors, instead grabbing wine, liquor, Corona and Michelob. Here's what's k‚Ä¶ https://t.co/3LRnVlgIsB",70,@CNN
-0.6486,Wed Jul 04 15:31:06 +0000 2018,0.185,0.815,0.0,At least 34 people have been confirmed dead in a ferry sinking off the coast of Indonesia's South Sulawesi province‚Ä¶ https://t.co/a8NNQROhWK,71,@CNN
0.0,Wed Jul 04 15:21:05 +0000 2018,0.0,1.0,0.0,These gadgets could transform the lives of visually impaired people https://t.co/7jGcudFYtT https://t.co/z0ILWjDMsJ,72,@CNN
-0.7906,Wed Jul 04 15:10:44 +0000 2018,0.269,0.731,0.0,"A nationwide manhunt is underway for three men accused of kidnapping and raping two sisters, ages 13 and 14, in nor‚Ä¶ https://t.co/6RNRZxtBwG",73,@CNN
0.0,Wed Jul 04 15:00:08 +0000 2018,0.0,1.0,0.0,A black Oregon state representative says someone called the police on her while she was canvassing door-to-door in‚Ä¶ https://t.co/RMIbwFhRs1,74,@CNN
-0.6929,Wed Jul 04 14:50:07 +0000 2018,0.222,0.778,0.0,A 92-year-old woman allegedly killed her son in Arizona because she did not want to be sent to an assisted living f‚Ä¶ https://t.co/Ww43chKGkK,75,@CNN
0.0,Wed Jul 04 14:42:02 +0000 2018,0.0,1.0,0.0,It‚Äôs a song every American has heard countless times ‚Äì and can probably recite by heart. But how much do you really‚Ä¶ https://t.co/dWgQKe9g3Z,76,@CNN
-0.6597,Wed Jul 04 14:33:37 +0000 2018,0.252,0.748,0.0,"Doctors told a 30-year-old woman to lose weight, but the problem was actually a 50-pound ovarian cyst. Though it's‚Ä¶ https://t.co/WrmjENA6Ir",77,@CNN
-0.6124,Wed Jul 04 14:22:17 +0000 2018,0.182,0.818,0.0,"49% of American voters say they believe President Trump is racist, according to a new Quinnipiac University poll |‚Ä¶ https://t.co/E2nQcLOMSn",78,@CNN
-0.6808,Wed Jul 04 14:12:31 +0000 2018,0.237,0.763,0.0,"President Trump appeared to rely on a dubious Fox News report to unleash an attack on his predecessor.

Without any‚Ä¶ https://t.co/8sTASYb7Ua",79,@CNN
0.0,Wed Jul 04 14:00:01 +0000 2018,0.0,1.0,0.0,A planet-hunting instrument has captured the first confirmed image of a newborn planet that's still forming in our‚Ä¶ https://t.co/oMUp7Xpe7t,80,@CNN
-0.5423,Wed Jul 04 13:50:04 +0000 2018,0.189,0.811,0.0,Congress is slowly working behind the scenes to reconcile two bills on sexual harassment https://t.co/IZsFd9Z0qA https://t.co/lYrw9u5OSy,81,@CNN
0.4215,Wed Jul 04 13:40:00 +0000 2018,0.0,0.826,0.174,"Americans eat around $62 million worth of hot dogs every #IndependenceDay, $92 million worth of chips and about $16‚Ä¶ https://t.co/t918Whqw7C",82,@CNN
0.0,Wed Jul 04 13:30:06 +0000 2018,0.0,1.0,0.0,"Environmental Protection Agency chief Scott Pruitt, facing additional reporting about his many controversies, is ""i‚Ä¶ https://t.co/Krx4dpry8p",83,@CNN
-0.5574,Wed Jul 04 13:23:52 +0000 2018,0.207,0.714,0.079,A new report shows that the percentage of black men in poverty has fallen and their share in the middle class has r‚Ä¶ https://t.co/4aXQvUpIIk,84,@CNN
0.0,Wed Jul 04 13:12:39 +0000 2018,0.0,1.0,0.0,The Trump administration is allowing Chinese telecommunications equipment maker ZTE to restart some business activi‚Ä¶ https://t.co/H7RVzqgvub,85,@CNN
-0.5994,Wed Jul 04 13:00:03 +0000 2018,0.231,0.769,0.0,"US auto tariffs could start a trade war, German Chancellor Angela Merkel says https://t.co/8Jo855LhOC https://t.co/8Cnrw5nVdn",86,@CNN
0.0,Wed Jul 04 12:53:09 +0000 2018,0.0,1.0,0.0,A federal judge has ordered FEMA to continue paying temporary hotel stays for another 20 days for hundreds of Puert‚Ä¶ https://t.co/LG8YCJUB0Z,87,@CNN
-0.25,Wed Jul 04 12:41:34 +0000 2018,0.1,0.9,0.0,"Dozens of wildfires have torn across wide swaths of Alaska, California, Colorado and other western states, with met‚Ä¶ https://t.co/d0930egyOd",88,@CNN
-0.8834,Wed Jul 04 12:41:08 +0000 2018,0.386,0.614,0.0,"RT @NewDay: ""These scandals are embarrassing. They are a distraction. You've got Chik-Fil-A and lotion in the same scandal ... This is not‚Ä¶",89,@CNN
0.0,Wed Jul 04 12:36:00 +0000 2018,0.0,1.0,0.0,China makes more fireworks than anywhere else in the world. @CNNStyle went inside one of the country's largest fire‚Ä¶ https://t.co/Une8zrcB6T,90,@CNN
0.0,Wed Jul 04 12:29:31 +0000 2018,0.0,1.0,0.0,It's been more than 36 hours since the 12 boys and their soccer coach were located in the Thai cave network -- a ne‚Ä¶ https://t.co/LPm3suMPun,91,@CNN
0.0,Wed Jul 04 12:26:07 +0000 2018,0.0,1.0,0.0,Fiat's US sales are down 44% this year https://t.co/WbHIAElUjG,92,@CNN
0.0,Wed Jul 04 12:15:38 +0000 2018,0.0,1.0,0.0,"The San Antonio Zoo wants to offer Toys ""R"" Us mascot Geoffrey a new job as ambassador for giraffe conservation‚Ä¶ https://t.co/AvcEpD1IZ3",93,@CNN
-0.4019,Wed Jul 04 12:14:19 +0000 2018,0.144,0.856,0.0,Previously unreleased data suggest Puerto Rico should have declared an outbreak of a bacterial illness after Hurric‚Ä¶ https://t.co/NCFbihl9Af,94,@CNN
0.5106,Wed Jul 04 12:01:09 +0000 2018,0.0,0.87,0.13,The Thai cave at the center of an international mission to rescue a soccer team and its coach is likely to become a‚Ä¶ https://t.co/FPNVZVogt5,95,@CNN
-0.2924,Wed Jul 04 11:54:30 +0000 2018,0.08,0.92,0.0,"RT @NewDay: It's still not clear how rescuers will get 12 boys and their soccer coach out of a Thai cave. CNN's Anna Coren says ""the friend‚Ä¶",96,@CNN
-0.5574,Wed Jul 04 11:53:58 +0000 2018,0.159,0.841,0.0,Hawaii's governor signed the first bill in the US that will ban sunscreens containing chemicals harmful to coral re‚Ä¶ https://t.co/3d22XA3PCP,97,@CNN
0.0772,Wed Jul 04 11:41:28 +0000 2018,0.0,0.929,0.071,"For #IndependenceDay, @CNNopinion asked a number of Americans who came to the US to write about their experiences.‚Ä¶ https://t.co/2VLXnjSoRN",98,@CNN
-0.7778,Wed Jul 04 11:40:05 +0000 2018,0.291,0.709,0.0,No nation has lost more penalty shootouts in the history of the #WorldCup than England. Except this time it was dif‚Ä¶ https://t.co/iWMsZtJbZa,99,@CNN
0.0,Thu Jul 05 00:48:14 +0000 2018,0.0,1.0,0.0,.@RepScottTaylor: ‚ÄúWe‚Äôre getting on the path to rebuilding this military.‚Äù https://t.co/AI6q82y3kB,0,@FoxNews
0.5574,Thu Jul 05 00:46:32 +0000 2018,0.0,0.769,0.231,"Supreme Court's Janus ruling will end cash cow for liberal activists: experts

https://t.co/o1bPxJ1Hc2",1,@FoxNews
0.4939,Thu Jul 05 00:27:40 +0000 2018,0.107,0.631,0.262,"'Their Party Has No Future': Former Democrat Urges Liberals to 'Walk Away' From Democratic Party
https://t.co/GPz5CTfxQm",2,@FoxNews
0.0,Thu Jul 05 00:24:22 +0000 2018,0.0,1.0,0.0,".@benshapiro Responds to Journalist Who Compared Him to Nazi Collaborator
https://t.co/momALmqi9i",3,@FoxNews
0.0,Thu Jul 05 00:17:36 +0000 2018,0.0,1.0,0.0,"Black Oregon lawmaker says constituent called cops on her for canvassing neighborhood
https://t.co/02u0dOLk7g",4,@FoxNews
0.3446,Thu Jul 05 00:16:22 +0000 2018,0.0,0.861,0.139,"Trump slams OPEC on Twitter over gas prices, says cartel is 'doing little to help' https://t.co/HhFA1RuthA",5,@FoxNews
0.8689,Thu Jul 05 00:13:47 +0000 2018,0.0,0.605,0.395,"On Twitter, @SenJohnMcCain marked #IndependenceDay by honoring the men and women securing our freedom around the wo‚Ä¶ https://t.co/0OTOj3aaUp",6,@FoxNews
0.0,Wed Jul 04 23:52:13 +0000 2018,0.0,1.0,0.0,"On Twitter, @SenKamalaHarris had a ""reminder"" for this Fourth of July. https://t.co/5AOx07ojsV",7,@FoxNews
0.91,Wed Jul 04 23:47:51 +0000 2018,0.0,0.545,0.455,"OPINION: I am a legal immigrant and proud to celebrate the Fourth of July in the greatest country on Earth
https://t.co/aGjkgLTNjV",8,@FoxNews
0.5719,Wed Jul 04 23:40:46 +0000 2018,0.0,0.73,0.27,"Earlier today, @FLOTUS Melania Trump wished everyone a Happy Independence Day. https://t.co/3lQwMksYjD",9,@FoxNews
0.0,Wed Jul 04 23:37:36 +0000 2018,0.0,1.0,0.0,".@POTUS: ""242 years ago on July 4, 1776, America's founders adopted the Declaration of Independence and changed the‚Ä¶ https://t.co/jPolbI7LOL",10,@FoxNews
0.0,Wed Jul 04 23:31:12 +0000 2018,0.0,1.0,0.0,California couple finds time capsule message during home renovation https://t.co/Gr65AwhhBS,11,@FoxNews
0.0,Wed Jul 04 23:25:00 +0000 2018,0.0,1.0,0.0,#ProudAmerican: @colonialwmsburg's Thomas Jefferson reads the Declaration of Independence. https://t.co/Htvt8ATxgd,12,@FoxNews
0.3612,Wed Jul 04 23:24:22 +0000 2018,0.124,0.654,0.222,"Woman escorted down after scaling Statue of Liberty following anti-ICE protests
https://t.co/WjpDrQf5QL",13,@FoxNews
0.4215,Wed Jul 04 23:18:14 +0000 2018,0.0,0.797,0.203,.@RCamposDuffy: Liberal Media Targeting Potential SCOTUS Pick's Faith Shows 'Religious Intolerance'‚Ä¶ https://t.co/F7WRpMOZLo,14,@FoxNews
-0.34,Wed Jul 04 23:15:59 +0000 2018,0.138,0.862,0.0,Maine teenager recovers from BB gun shot to head moments after priest reads last rites https://t.co/o1uZxFPXoe,15,@FoxNews
0.0,Wed Jul 04 23:07:00 +0000 2018,0.0,1.0,0.0,Man Paints American Flag Onto Front Lawn for #IndependenceDay. #ProudAmerican https://t.co/5UWN508jsW https://t.co/REE3Y46N10,16,@FoxNews
0.4939,Wed Jul 04 23:03:48 +0000 2018,0.0,0.849,0.151,"At the #FourthofJuly event at the @WhiteHouse today, President @realDonaldTrump praised the men and women of the U.‚Ä¶ https://t.co/QZK1OwON6I",17,@FoxNews
0.0,Wed Jul 04 23:00:00 +0000 2018,0.0,1.0,0.0,"Tonight: Fox News presents the moving story of Dr. Krauthammer's life: ""Charles Krauthammer: His Words"" ‚Äî Tune in a‚Ä¶ https://t.co/17HQJnpI1s",18,@FoxNews
0.5719,Wed Jul 04 22:53:00 +0000 2018,0.0,0.778,0.222,Heroine of the Revolution - The real woman behind the Molly Pitcher legend. #ProudAmerican https://t.co/8fw4F0M0Qv,19,@FoxNews
0.4019,Wed Jul 04 22:50:53 +0000 2018,0.0,0.619,0.381,NATO defense spending - 2017 share of GDP. https://t.co/iasUWimS71,20,@FoxNews
0.5267,Wed Jul 04 22:39:55 +0000 2018,0.0,0.779,0.221,MOMENTS AGO: Woman just captured at base of Statue of Liberty. https://t.co/xlECIqCNtt https://t.co/gHyFcsIPEA,21,@FoxNews
0.7096,Wed Jul 04 22:32:30 +0000 2018,0.0,0.753,0.247,"As we celebrate the Fourth of July, check out the American flag in action. Share your flag photos using‚Ä¶ https://t.co/n8buln7BTh",22,@FoxNews
0.5267,Wed Jul 04 22:30:44 +0000 2018,0.0,0.726,0.274,Woman remains at base of Statue of Liberty. https://t.co/xlECIqCNtt https://t.co/pGqe91xEF8,23,@FoxNews
0.0,Wed Jul 04 22:26:48 +0000 2018,0.0,1.0,0.0,.@annakooiman meets the men and women of the U.S.S. Monterey #ProudAmerican https://t.co/WCnFky5RBH,24,@FoxNews
0.6114,Wed Jul 04 22:24:00 +0000 2018,0.0,0.715,0.285,Our flag was still there... Happy Fourth of July! #ProudAmerican https://t.co/WMAbSM1Qqj,25,@FoxNews
0.8074,Wed Jul 04 22:22:00 +0000 2018,0.0,0.696,0.304,"""I'm proud to be an American because of the ideals that America stands for: The idea of life, liberty, the pursuit‚Ä¶ https://t.co/58JIMzH0XH",26,@FoxNews
0.0,Wed Jul 04 22:19:23 +0000 2018,0.0,1.0,0.0,UK reportedly tells Trump he cannot meet with Brexit architect Nigel Farage https://t.co/PbF3MgD1qL,27,@FoxNews
-0.4939,Wed Jul 04 22:18:57 +0000 2018,0.198,0.802,0.0,"UK couple were poisoned by same nerve agent as ex-Russian spy, police say https://t.co/YJEjoeE1h6",28,@FoxNews
0.7603,Wed Jul 04 22:07:44 +0000 2018,0.0,0.579,0.421,NEWS ALERT: @WhiteHouse to announce Supreme Court nominee on Monday. https://t.co/KVXppQzSxc,29,@FoxNews
0.3612,Wed Jul 04 22:02:48 +0000 2018,0.154,0.569,0.276,Person scales Statue of Liberty following anti-ICE protests https://t.co/vdb9a9EGhY,30,@FoxNews
0.5719,Wed Jul 04 21:50:57 +0000 2018,0.0,0.844,0.156,Joey Chestnut and Miki Sudo won this year's Nathan's Hot Dog Eating Contest. Find out more about the iconic competi‚Ä¶ https://t.co/6QRomvuZqs,31,@FoxNews
0.8689,Wed Jul 04 21:48:44 +0000 2018,0.0,0.605,0.395,"""Our forefathers launched a great experiment in 1776 ‚Äì one that requires each generation to preserve freedom for th‚Ä¶ https://t.co/LyU9aEVKvY",32,@FoxNews
0.2732,Wed Jul 04 21:40:10 +0000 2018,0.066,0.812,0.122,.@grecianformula: Pompeo's 'Mission: Impossible' -- Is North Korea serious about giving up its nukes? We'll find ou‚Ä¶ https://t.co/09MrOA2Ara,33,@FoxNews
0.34,Wed Jul 04 21:33:12 +0000 2018,0.089,0.759,0.152,"HAPPENING NOW: A woman is reportedly scaling the Statue of Liberty after an ""Abolish ICE"" protest resulted in multi‚Ä¶ https://t.co/kr5t0sgj05",34,@FoxNews
0.5267,Wed Jul 04 21:32:46 +0000 2018,0.0,0.825,0.175,"""American liberty has been earned through the blood, sweat, and sacrifice of American patriots.""

WATCH: President‚Ä¶ https://t.co/m6ivL2bCHh",35,@FoxNews
0.9716,Wed Jul 04 21:25:35 +0000 2018,0.0,0.306,0.694,".@POTUS: ""Thank you for keeping America safe, strong, proud, mighty, and free. God bless you. God bless our militar‚Ä¶ https://t.co/JzU2LoCz7i",36,@FoxNews
0.3384,Wed Jul 04 21:24:00 +0000 2018,0.0,0.807,0.193,".@POTUS: ""We very well may soon have the Space Force."" https://t.co/WLZjhmNaM5",37,@FoxNews
0.7096,Wed Jul 04 21:23:00 +0000 2018,0.0,0.772,0.228,"""The main reason why I'm proud to be American is because of the opportunity to grow...with the country and as a per‚Ä¶ https://t.co/4ROypOiXGc",38,@FoxNews
0.5267,Wed Jul 04 21:21:38 +0000 2018,0.0,0.815,0.185,".@POTUS: ""American liberty has been earned through the blood, sweat, and sacrifice of American patriots."" https://t.co/eqIeGMtXwY",39,@FoxNews
0.0,Wed Jul 04 21:20:52 +0000 2018,0.0,1.0,0.0,".@POTUS: ""242 years ago on July 4, 1776, America's founders adopted the Declaration of Independence and changed the‚Ä¶ https://t.co/Lqqc2TIkU3",40,@FoxNews
0.9246,Wed Jul 04 21:19:02 +0000 2018,0.0,0.492,0.508,".@POTUS: ""Melania and I are honored to celebrate American independence with the heroes who protect American indepen‚Ä¶ https://t.co/irC6Uj966J",41,@FoxNews
0.0,Wed Jul 04 21:18:04 +0000 2018,0.0,1.0,0.0,HAPPENING NOW: President @realDonaldTrump hosts picnic to watch fireworks at The White House. https://t.co/u9Ru12GBVz,42,@FoxNews
-0.128,Wed Jul 04 21:07:46 +0000 2018,0.12,0.88,0.0,Tucker: Harvard Prof's Demand of Liberal 'Court Packing' Would 'Delegitimize' SCOTUS https://t.co/78dTxCS2g6,43,@FoxNews
0.0,Wed Jul 04 20:57:09 +0000 2018,0.0,1.0,0.0,House Minority Whip Steny Hoyer hospitalized with pneumonia https://t.co/MyFc8vgjZ1 https://t.co/NIcajwPC5C,44,@FoxNews
0.9062,Wed Jul 04 20:51:09 +0000 2018,0.0,0.549,0.451,"As we celebrate Independence Day, we honor and thank the men and women who keep us safe. #ProudAmerican https://t.co/XVqKQqdT9d",45,@FoxNews
0.0,Wed Jul 04 20:49:06 +0000 2018,0.0,1.0,0.0,"Moments ago, President @realDonaldTrump tweeted about OPEC. https://t.co/xIGkPF8uyo",46,@FoxNews
0.9062,Wed Jul 04 20:47:46 +0000 2018,0.0,0.549,0.451,"As we celebrate Independence Day, we honor and thank the men and women who keep us safe. #ProudAmerican https://t.co/y3gvMCyz4A",47,@FoxNews
0.9062,Wed Jul 04 20:42:57 +0000 2018,0.0,0.549,0.451,"As we celebrate Independence Day, we honor and thank the men and women who keep us safe. #ProudAmerican https://t.co/4WWLWTvYpY",48,@FoxNews
0.9062,Wed Jul 04 20:37:02 +0000 2018,0.0,0.549,0.451,"As we celebrate Independence Day, we honor and thank the men and women who keep us safe. #ProudAmerican https://t.co/bk2mD1Ldoc",49,@FoxNews
0.4404,Wed Jul 04 20:22:07 +0000 2018,0.0,0.791,0.209,".@SebGorka: ""As [@POTUS] said, 'We should have better relations with Russia.'"" https://t.co/pqvrzQGwjI",50,@FoxNews
-0.4767,Wed Jul 04 20:12:50 +0000 2018,0.279,0.721,0.0,Texas mother arrested for allegedly selling young children https://t.co/ZS0zixutZw,51,@FoxNews
0.5719,Wed Jul 04 20:07:38 +0000 2018,0.0,0.709,0.291,".@newtgingrich: America's Independence Day is celebrated around the world 
https://t.co/JnZJXyQN71",52,@FoxNews
-0.8442,Wed Jul 04 20:00:00 +0000 2018,0.336,0.664,0.0,"Rob O'Neill, the man who killed Usama bin Laden, has a message this 4th of July. @mchooyah https://t.co/ZV90tt2QL9 https://t.co/Wtxlo3dz63",53,@FoxNews
0.0,Wed Jul 04 19:59:53 +0000 2018,0.0,1.0,0.0,.@annakooiman tours the @USNavy's Mark VI patrol boat. #ProudAmerican https://t.co/auZ7NO0ZRb,54,@FoxNews
0.6486,Wed Jul 04 19:59:00 +0000 2018,0.0,0.751,0.249,"""We're a force out there and we love where we come from.""
 
Servicemembers aboard the @USNavy's #USSMonterey explai‚Ä¶ https://t.co/o5zNwiCoIp",55,@FoxNews
-0.296,Wed Jul 04 19:56:56 +0000 2018,0.167,0.833,0.0,"Stormy Daniels lawyer Michael Avenatti teases potential 2020 run against Trump
https://t.co/VuP6JwZzwV",56,@FoxNews
0.4939,Wed Jul 04 19:54:48 +0000 2018,0.0,0.824,0.176,Thousands of NYPD officers on hand for Fourth of July celebrations in NYC; @BryanLlenas reports. https://t.co/KzRnhUSZE0,57,@FoxNews
0.5719,Wed Jul 04 19:45:25 +0000 2018,0.0,0.73,0.27,"Earlier today, President @realDonaldTrump wished everyone a Happy Fourth of July. https://t.co/sFPA0AYv3y",58,@FoxNews
0.0,Wed Jul 04 19:36:05 +0000 2018,0.0,1.0,0.0,Scarlett Johansson responds to backlash for new transgender film role https://t.co/5pjqAFsqzJ,59,@FoxNews
0.8074,Wed Jul 04 19:34:02 +0000 2018,0.0,0.546,0.454,"Paul Newman was determined to help veterans in need, says close friend
https://t.co/cGfxHZhHap",60,@FoxNews
0.8436,Wed Jul 04 19:30:47 +0000 2018,0.0,0.664,0.336,RT @trish_regan: I am always humbled by the beauty of our #NationalAnthem - here‚Äôs my rendition Happy #JulyFourth2018 !! https://t.co/hJnaE‚Ä¶,61,@FoxNews
0.5719,Wed Jul 04 19:30:00 +0000 2018,0.0,0.748,0.252,"On Twitter, former President @billclinton wished everyone a Happy 4th of July. https://t.co/YxXmkbgjN1",62,@FoxNews
0.4939,Wed Jul 04 19:28:00 +0000 2018,0.0,0.842,0.158,Rescuers racing time and rising water to save boys and soccer coach in Thailand cave; @GregPalkot reports.‚Ä¶ https://t.co/5swbpGqRDf,63,@FoxNews
0.0,Wed Jul 04 19:21:40 +0000 2018,0.0,1.0,0.0,"On Twitter, @SenKamalaHarris had a ""reminder"" for this Fourth of July. https://t.co/EzsF8hFX2O",64,@FoxNews
0.0,Wed Jul 04 19:14:46 +0000 2018,0.0,1.0,0.0,BREAKING NEWS: Spokeswoman: House Minority @WhipHoyer in hospital with pneumonia. https://t.co/ncrCyrftyp,65,@FoxNews
0.0,Wed Jul 04 19:08:00 +0000 2018,0.0,1.0,0.0,Man Paints American Flag Onto Front Lawn for #IndependenceDay. #ProudAmerican https://t.co/5UWN508jsW https://t.co/Iwzszsewmk,66,@FoxNews
0.34,Wed Jul 04 19:05:00 +0000 2018,0.0,0.821,0.179,NYPD upping security for tonight's 4th of July fireworks; @BryanLlenas reports. https://t.co/4aGR8xcnlh,67,@FoxNews
0.5719,Wed Jul 04 18:55:00 +0000 2018,0.0,0.73,0.27,"Earlier today, @FLOTUS Melania Trump wished everyone a Happy Independence Day. https://t.co/IXldLQLnUw",68,@FoxNews
0.6908,Wed Jul 04 18:53:00 +0000 2018,0.0,0.769,0.231,"""I'm proud to be an American just based on the opportunities that this country provides...Pretty much if you can dr‚Ä¶ https://t.co/8WtbgYj8VE",69,@FoxNews
0.8225,Wed Jul 04 18:50:31 +0000 2018,0.0,0.556,0.444,RT @JudgeJeanine: I am a #ProudAmerican because I live in a country where truth and justice matter. üá∫üá∏ https://t.co/4BF9qEw4aP,70,@FoxNews
0.4767,Wed Jul 04 18:50:00 +0000 2018,0.0,0.763,0.237,.@NavyFederal on why they're proud to serve America's military. #ProudAmerican https://t.co/Cky4loR9bh,71,@FoxNews
0.0,Wed Jul 04 18:37:29 +0000 2018,0.0,1.0,0.0,"Stars who served their country #ProudAmerican
https://t.co/Ue2t1Z9ftD",72,@FoxNews
-0.1531,Wed Jul 04 18:34:56 +0000 2018,0.103,0.897,0.0,Deadline looms for Trump administration to reunite migrant families separated at border; @caseystegall reports. https://t.co/mllRGOhQno,73,@FoxNews
0.5719,Wed Jul 04 18:28:06 +0000 2018,0.0,0.748,0.252,"Earlier today, 2016 Democrat presidential nominee @HillaryClinton wished everyone a Happy #4thofJuly. https://t.co/cMXOJJEVpW",74,@FoxNews
0.873,Wed Jul 04 18:21:56 +0000 2018,0.0,0.525,0.475,NEWS ALERT: @POTUS nearing announcement on nominee to replace Supreme Court Justice Kennedy. https://t.co/GPp0YxPtmO,75,@FoxNews
0.6114,Wed Jul 04 18:17:55 +0000 2018,0.0,0.715,0.285,Our flag was still there... Happy Fourth of July! #ProudAmerican https://t.co/AHTSiWqrT4,76,@FoxNews
0.8402,Wed Jul 04 17:45:00 +0000 2018,0.0,0.655,0.345,"Why are you a #ProudAmerican?
""You can be who you want to be. You can inspire whoever you want to inspire. It's pre‚Ä¶ https://t.co/wRC6VdbrO1",77,@FoxNews
0.6114,Wed Jul 04 17:35:51 +0000 2018,0.0,0.715,0.285,Happy Fourth of July from the USS Monterey! @HARRISFAULKNER #ProudAmerican https://t.co/3HPSDmMoVB,78,@FoxNews
-0.4767,Wed Jul 04 17:28:33 +0000 2018,0.205,0.795,0.0,'It's a miracle': 81-year-old man survives attack from hundreds of bees (via @christocarbone) https://t.co/3WhYp7vubN,79,@FoxNews
0.296,Wed Jul 04 17:24:40 +0000 2018,0.0,0.891,0.109,"Check out these classic cars that swung by @DoumarsConesBBQ in Norfolk, VA this week. Share your photos using‚Ä¶ https://t.co/OpBvRQydg9",80,@FoxNews
0.926,Wed Jul 04 17:16:00 +0000 2018,0.0,0.526,0.474,"""I'm proud to be an American and celebrate #IndependenceDay because of the freedom I have...I feel like it's finall‚Ä¶ https://t.co/p7uOC2IpVU",81,@FoxNews
0.5719,Wed Jul 04 17:09:59 +0000 2018,0.0,0.791,0.209,JUST IN: Joey Chestnut wins men's title in Nathan's Famous hot dog contest https://t.co/ByBEzkNnhZ https://t.co/xCjsSBOmJW,82,@FoxNews
0.3612,Wed Jul 04 16:58:24 +0000 2018,0.0,0.872,0.128,"This July 4th, singer/songwriter @CharlieDaniels reflects on why his ‚Äúlove for America burns as brightly as ever.‚Äù‚Ä¶ https://t.co/5kyryd59O5",83,@FoxNews
0.8016,Wed Jul 04 16:42:00 +0000 2018,0.0,0.715,0.285,America the Beautiful! Here are some breathtaking scenic images from around the country. Where do you think the mos‚Ä¶ https://t.co/SVEgxx9XgY,84,@FoxNews
0.0,Wed Jul 04 16:40:53 +0000 2018,0.0,1.0,0.0,.@MikeEmanuelFox tells us why he is a very #ProudAmerican! https://t.co/ULukqt8aoY,85,@FoxNews
0.0,Wed Jul 04 16:22:47 +0000 2018,0.0,1.0,0.0,Why US forces carry the American flag https://t.co/uItZI8WgWM,86,@FoxNews
0.3818,Wed Jul 04 16:18:07 +0000 2018,0.0,0.794,0.206,Farming nonprofit helps vets with PTSD reintegrate into civilian life https://t.co/0GPa323R4E,87,@FoxNews
0.0,Wed Jul 04 16:18:00 +0000 2018,0.0,1.0,0.0,"""Remembering the guys who are deployed and don't have #IndependenceDay because they're out there maintaining indepe‚Ä¶ https://t.co/w4287u9NSM",88,@FoxNews
0.1531,Wed Jul 04 15:54:09 +0000 2018,0.0,0.904,0.096,"A day in the life of a Navy sailor, former Navy fighter pilot @LeaFOXNews goes below deck. https://t.co/eAOXyW7C0J",89,@FoxNews
0.0,Wed Jul 04 15:39:11 +0000 2018,0.0,1.0,0.0,California couple find time capsule message during home renovation https://t.co/Gr65AwhhBS,90,@FoxNews
0.5859,Wed Jul 04 15:25:10 +0000 2018,0.0,0.853,0.147,JUST IN: Miki Sudo eats 37 hot dogs in 10 minutes to win women's title in Nathan's Famous hot dog eating contest https://t.co/ByBEzkNnhZ,91,@FoxNews
0.5719,Wed Jul 04 15:18:58 +0000 2018,0.0,0.764,0.236,President @realDonaldTrump wished everyone a happy Fourth of July in a message on twitter. https://t.co/i8K2uR04U2,92,@FoxNews
0.0,Wed Jul 04 15:16:00 +0000 2018,0.0,1.0,0.0,Man Turns Lawn into American Flag #ProudAmerican https://t.co/FppafxRntf,93,@FoxNews
0.6369,Wed Jul 04 15:11:00 +0000 2018,0.0,0.826,0.174,"""Every year we remind the world why we're here, why we're the best, and why everyone should follow us.""

Servicemem‚Ä¶ https://t.co/AqdmUOoHpu",94,@FoxNews
0.0,Wed Jul 04 14:40:21 +0000 2018,0.0,1.0,0.0,UK reportedly tells Trump he cannot meet with Brexit architect Nigel Farage https://t.co/PbF3MgD1qL,95,@FoxNews
0.296,Wed Jul 04 14:31:27 +0000 2018,0.0,0.833,0.167,.@WeWork Residence Program is Helping Veterans Embark on their Next Careers https://t.co/d7OQMIveEo,96,@FoxNews
0.0,Wed Jul 04 14:22:53 +0000 2018,0.0,1.0,0.0,".@HARRISFAULKNER is having a blast in Norfolk, Virginia for the 4th! #ProudAmerican #USSMonterey https://t.co/4uYL8CY1u7",97,@FoxNews
0.765,Wed Jul 04 14:19:00 +0000 2018,0.0,0.602,0.398,Celebrate Fourth of July by supporting these veteran-owned companies (via @christocarbone) https://t.co/VlNgp3oa7B,98,@FoxNews
0.0,Wed Jul 04 14:11:00 +0000 2018,0.0,1.0,0.0,"""The biggest thing for me was trying to find something to actually make a difference for people."" 

Servicemembers‚Ä¶ https://t.co/A2M0nWyfxt",99,@FoxNews
0.2263,Thu Jul 05 00:45:42 +0000 2018,0.0,0.881,0.119,Don‚Äôt be surprised if a TSA agent asks you to remove food from your carry-on https://t.co/KeXaPQxEIQ,0,@NYTimes
0.0,Thu Jul 05 00:26:44 +0000 2018,0.0,1.0,0.0,"In the 15 months that followed the election, the ACLU‚Äôs membership went from 400,000 to 1.84 million https://t.co/MnlyhJIBT5",1,@NYTimes
0.0,Thu Jul 05 00:09:22 +0000 2018,0.0,1.0,0.0,News Analysis: How Trump Went From ‚ÄòFire and Fury‚Äô to Dismissing North Korean Nuclear Advances https://t.co/CumU6iVBa3,2,@NYTimes
-0.4767,Wed Jul 04 23:58:16 +0000 2018,0.134,0.866,0.0,Up to 30% of teenage girls in some parts of the U.S. say they've intentionally harmed themselves without aiming to‚Ä¶ https://t.co/jrEdXkOBgG,3,@NYTimes
0.0,Wed Jul 04 23:42:12 +0000 2018,0.0,1.0,0.0,Parenting Lessons From the World Cup https://t.co/sSIFAzGzhB,4,@NYTimes
0.0,Wed Jul 04 23:34:38 +0000 2018,0.0,1.0,0.0,"RT @anniecorreal: This week we joined Yeni Gonz√°lez on a road trip to New York to find her children, separated from her at the border more‚Ä¶",5,@NYTimes
0.5719,Wed Jul 04 23:15:14 +0000 2018,0.0,0.68,0.32,"Protester Climbs Base of Statue of Liberty, Forcing Shutdown of Landmark https://t.co/yemOOG2moN",6,@NYTimes
0.0,Wed Jul 04 23:03:38 +0000 2018,0.0,1.0,0.0,First Words: Is the National ‚ÄòMood‚Äô the One in Polls or the One Online? https://t.co/WVsa0gkHCD,7,@NYTimes
0.0,Wed Jul 04 22:50:46 +0000 2018,0.0,1.0,0.0,Little to no-cook dishes for the sweaty and sweltering https://t.co/5YTDhixAi1,8,@NYTimes
0.0,Wed Jul 04 22:31:06 +0000 2018,0.0,1.0,0.0,How The Times covered the Fourth of July over the years https://t.co/A6ftmoApYa,9,@NYTimes
0.4062,Wed Jul 04 22:01:28 +0000 2018,0.0,0.72,0.28,9 Reads Almost as Satisfying as Taking a Vacation https://t.co/l5DP17iq2q,10,@NYTimes
0.0,Wed Jul 04 21:46:28 +0000 2018,0.0,1.0,0.0,Multiple teams around the world are now working collaboratively on high-tech options for bringing back the northern‚Ä¶ https://t.co/3AWmwcLTu5,11,@NYTimes
0.4939,Wed Jul 04 21:28:19 +0000 2018,0.0,0.802,0.198,"The New New World: Why Made in China 2025 Will Succeed, Despite Trump https://t.co/VM5whmHlVb",12,@NYTimes
0.4754,Wed Jul 04 21:15:06 +0000 2018,0.0,0.781,0.219,How to make those Fourth of July fireworks photos really sparkle https://t.co/6R5sdT2go1,13,@NYTimes
0.5707,Wed Jul 04 21:04:06 +0000 2018,0.0,0.817,0.183,RT @nytopinion: Happy Fourth of July! But do you know the actual date the Continental Congress voted to adopt the Declaration of Independen‚Ä¶,14,@NYTimes
-0.9081,Wed Jul 04 20:54:03 +0000 2018,0.432,0.568,0.0,"Read the tragic dispatch from a war correspondent whose son, a Union officer, was among those killed at Gettysburg https://t.co/pfx1VjJqUr",15,@NYTimes
0.0,Wed Jul 04 20:45:04 +0000 2018,0.0,1.0,0.0,"RT @kwameopam: It's the Fourth of July, and there's a new Captain America series out by Ta-Nehisi Coates.

We talked about some of the most‚Ä¶",16,@NYTimes
0.0,Wed Jul 04 20:30:41 +0000 2018,0.0,1.0,0.0,"In the 15 months that followed the election, the ACLU‚Äôs membership went from 400,000 to 1.84 million https://t.co/Stgg9qoTLo",17,@NYTimes
0.4404,Wed Jul 04 20:14:03 +0000 2018,0.0,0.83,0.17,Hong Kong‚Äôs top court ruled that committed same-sex couples living in the city had the same rights to spousal visas‚Ä¶ https://t.co/2Fsdh0FKZ7,18,@NYTimes
-0.4767,Wed Jul 04 20:00:06 +0000 2018,0.163,0.837,0.0,"""If we lose those Chinese and Mexican markets, it will be hard to get them back,"" the secretary of the American Soy‚Ä¶ https://t.co/wLQnTELfYd",19,@NYTimes
0.296,Wed Jul 04 19:45:04 +0000 2018,0.17,0.652,0.178,"Scientists have again sounded the alarm about Australia's Great Barrier Reef: ""Unless drastic action is taken, extr‚Ä¶ https://t.co/c8utlVjiBV",20,@NYTimes
0.0,Wed Jul 04 19:30:04 +0000 2018,0.0,1.0,0.0,Detectives started the investigation after the hospital reported a high mortality rate at the unit that it could no‚Ä¶ https://t.co/XWwn1MIBvE,21,@NYTimes
0.296,Wed Jul 04 19:27:47 +0000 2018,0.092,0.775,0.134,"RT @mawalsh40: ‚ÄúThey told her if she cried, it would slow down her case.‚Äù An amazing story by @anniecorreal about what happens when childre‚Ä¶",22,@NYTimes
-0.1182,Wed Jul 04 19:15:07 +0000 2018,0.093,0.907,0.0,"RT @nytimesarts: The actor Lakeith Stanfield may not want to be the symbol for black weird, or for anything, but people close to him said h‚Ä¶",23,@NYTimes
0.0772,Wed Jul 04 19:00:05 +0000 2018,0.12,0.743,0.137,"The British authorities have begun a large-scale security investigation after two people collapsed near Salisbury,‚Ä¶ https://t.co/VSmEatA7YG",24,@NYTimes
0.0,Wed Jul 04 18:43:07 +0000 2018,0.0,1.0,0.0,RT @nytimesbusiness: Employee activism has taken hold at many large tech companies. But will an employee uprising happen at Twitter? https:‚Ä¶,25,@NYTimes
0.4019,Wed Jul 04 18:32:05 +0000 2018,0.0,0.828,0.172,"The Philippines deported an American missionary found to have engaged in ""political activities"" https://t.co/siQTLj4Uju",26,@NYTimes
0.0,Wed Jul 04 18:14:02 +0000 2018,0.0,1.0,0.0,"RT @nytimesbusiness: Facebook repeatedly claimed that Cambridge Analytica said it was collecting data only for academic purposes, but the f‚Ä¶",27,@NYTimes
-0.6705,Wed Jul 04 18:01:05 +0000 2018,0.2,0.8,0.0,Images of an American woman with a giraffe she killed in South Africa generated a furor reminiscent of the killing‚Ä¶ https://t.co/NnZ2VhFzL1,28,@NYTimes
0.0,Wed Jul 04 17:44:03 +0000 2018,0.0,1.0,0.0,"""It was a night I just knew we were going to get over the line,"" England Manager Gareth Southgate said https://t.co/XIL7upqxcN",29,@NYTimes
0.0,Wed Jul 04 17:31:08 +0000 2018,0.0,1.0,0.0,What are the actual rules of capitalization? https://t.co/X6qs6eNL6S,30,@NYTimes
0.0,Wed Jul 04 17:15:11 +0000 2018,0.0,1.0,0.0,"""All plant-based foods are 'superfoods' in the sense that they offer fiber, vitamins, minerals and phytonutrients"" https://t.co/HbFzlZHA81",31,@NYTimes
0.6705,Wed Jul 04 17:00:06 +0000 2018,0.0,0.744,0.256,"RT @nytimesworld: The Philippines deported an American missionary found to have engaged in ‚Äúpolitical activities,‚Äù though United Methodist‚Ä¶",32,@NYTimes
-0.296,Wed Jul 04 16:45:07 +0000 2018,0.099,0.901,0.0,"Shirley Manson: ""I had never heard the phrase 'self-harm' back then, in the mid-80s in Scotland. There were no supp‚Ä¶ https://t.co/zOxV6NUoe3",33,@NYTimes
-0.7184,Wed Jul 04 16:31:03 +0000 2018,0.3,0.7,0.0,"President Trump‚Äôs inauguration fund collected $500,000 from two private prison companies that house detained migran‚Ä¶ https://t.co/RPpLwNPSSx",34,@NYTimes
-0.6705,Wed Jul 04 16:14:05 +0000 2018,0.2,0.8,0.0,Relatives of people killed by unauthorized immigrants have formed a bond with President Trump. He has helped them b‚Ä¶ https://t.co/0lWPtO4ZpW,35,@NYTimes
0.0,Wed Jul 04 16:05:03 +0000 2018,0.0,1.0,0.0,A longstanding and macabre American tradition: fireworks mayhem on the 4th of July (from 2016) https://t.co/uvOuhJ9FfR,36,@NYTimes
0.34,Wed Jul 04 15:45:05 +0000 2018,0.0,0.888,0.112,The captain of Nigeria's World Cup soccer team played his team‚Äôs final match hours after finding out kidnappers wer‚Ä¶ https://t.co/nZsdUMSvcl,37,@NYTimes
-0.296,Wed Jul 04 15:29:00 +0000 2018,0.126,0.808,0.066,She criticized the school district in her valedictorian speech. Then her class ranking dropped to number 3. https://t.co/uGSLxgE9rY,38,@NYTimes
0.7184,Wed Jul 04 15:15:08 +0000 2018,0.0,0.76,0.24,"RT @LiYuan6: China will succeed in building a powerful technology industry that will rival the U.S., even if President Trump starts a trade‚Ä¶",39,@NYTimes
0.4404,Wed Jul 04 15:00:05 +0000 2018,0.0,0.861,0.139,"Alan Dershowitz says some people on Martha's Vineyard are shunning him for his views supporting President Trump. ""H‚Ä¶ https://t.co/cTUoFiVcpW",40,@NYTimes
0.4576,Wed Jul 04 14:45:06 +0000 2018,0.0,0.85,0.15,"‚ÄúBoth of them are incredibly smart, incredibly capable,"" a law professor said about the two leading contenders for‚Ä¶ https://t.co/obv6xI1QsJ",41,@NYTimes
-0.5574,Wed Jul 04 14:31:01 +0000 2018,0.293,0.533,0.173,The market created by the Affordable Care Act shows no signs of imminent collapse in spite of the continuing threat‚Ä¶ https://t.co/Z4f5G8rCW8,42,@NYTimes
0.4404,Wed Jul 04 14:15:06 +0000 2018,0.0,0.838,0.162,Do students at poorly performing schools have a constitutional right to a better education? A Federal District Cour‚Ä¶ https://t.co/M7phS3vYkT,43,@NYTimes
-0.8625,Wed Jul 04 14:00:02 +0000 2018,0.35,0.65,0.0,RT @nytimesworld: The worst monsoon rains in decades killed six people in the Pakistani city of Lahore https://t.co/UGznqCM8gg,44,@NYTimes
0.0,Wed Jul 04 13:44:05 +0000 2018,0.0,1.0,0.0,Here's how to watch World Cup matches after they've aired https://t.co/OLu5mFJbxz,45,@NYTimes
0.0,Wed Jul 04 13:32:02 +0000 2018,0.0,1.0,0.0,"European carmakers have turned Alabama, South Carolina and Tennessee into auto manufacturing powerhouses in recent‚Ä¶ https://t.co/6PtWfkDJm7",46,@NYTimes
-0.4215,Wed Jul 04 13:15:06 +0000 2018,0.149,0.851,0.0,"The string of insults, misstatements, exaggerations and outright falsehoods emanating from the White House on Tuesd‚Ä¶ https://t.co/zxtH8hcEKm",47,@NYTimes
-0.3818,Wed Jul 04 13:00:09 +0000 2018,0.12,0.88,0.0,The world is watching as emergency workers in Thailand prepare to evacuate 12 boys and a soccer coach from a floode‚Ä¶ https://t.co/kEIMli1L86,48,@NYTimes
0.4754,Wed Jul 04 12:44:01 +0000 2018,0.0,0.781,0.219,How to make those Fourth of July fireworks photos really sparkle https://t.co/QNcOrvjog5,49,@NYTimes
0.0772,Wed Jul 04 12:28:06 +0000 2018,0.0,0.949,0.051,"""What do the 13 of you want to say to your fans?"" the doctor in the video asked. ""Everybody in this world has been‚Ä¶ https://t.co/6f5MkWwXT9",50,@NYTimes
0.5574,Wed Jul 04 12:15:08 +0000 2018,0.0,0.816,0.184,"Poland carried out a sweeping purge of its Supreme Court, eroding the judiciary‚Äôs independence and escalating a con‚Ä¶ https://t.co/QWF7peDObG",51,@NYTimes
0.0,Wed Jul 04 12:02:03 +0000 2018,0.0,1.0,0.0,‚ÄúPeople think they are getting the same kind of genetic testing as they would get from a certified clinical laborat‚Ä¶ https://t.co/5ylLupjnmO,52,@NYTimes
0.504,Wed Jul 04 11:47:02 +0000 2018,0.0,0.821,0.179,RT @nytfood: Which is better? Maine style with mayonnaise or Connecticut style with butter? https://t.co/Z3epukfrov https://t.co/P37b3CsImF,53,@NYTimes
0.0,Wed Jul 04 11:32:05 +0000 2018,0.0,1.0,0.0,What to do on the 4th of July in NYC https://t.co/dnB6NCqwHG https://t.co/xvCUJqL17g,54,@NYTimes
0.7783,Wed Jul 04 11:17:01 +0000 2018,0.0,0.799,0.201,"RT @NYTFashion: Jackie Kennedy scheduled her visit to Texas day by day, outfit by outfit. But even the best laid plans can change. https://‚Ä¶",55,@NYTimes
0.0,Wed Jul 04 11:02:01 +0000 2018,0.0,1.0,0.0,"In the 15 months that followed the election, the ACLU‚Äôs membership went from 400,000 to 1.84 million https://t.co/38Wnwz9lUU",56,@NYTimes
0.0,Wed Jul 04 10:32:04 +0000 2018,0.0,1.0,0.0,"RT @readercenter: Our Politics editor, Patrick Healy, answered readers‚Äô questions on The Times‚Äôs political coverage and plans for the midte‚Ä¶",57,@NYTimes
0.765,Wed Jul 04 10:02:57 +0000 2018,0.0,0.602,0.398,Rescue Briefing: Thailand Cave Rescue Updates: New Videos of Soccer Team https://t.co/Y7TPVuKiAw,58,@NYTimes
-0.1027,Wed Jul 04 09:51:02 +0000 2018,0.113,0.887,0.0,Album Review: Jupiter &amp; Okwess Turn Congo Turbulence Into Ferocious Grooves https://t.co/MO1kvDnUBQ,59,@NYTimes
0.0,Wed Jul 04 09:48:41 +0000 2018,0.0,1.0,0.0,A Record $2.5 Trillion in Mergers Were Announced in the First Half of 2018 https://t.co/Bb19LCca34,60,@NYTimes
0.34,Wed Jul 04 09:46:22 +0000 2018,0.0,0.854,0.146,Nigeria Captain Played Key World Cup Match Hours After Learning His Father Was Kidnapped https://t.co/FVXz9DlBJx,61,@NYTimes
0.5574,Wed Jul 04 09:32:03 +0000 2018,0.0,0.854,0.146,"RT @nytopinion: If President Trump nominates Amy Coney Barrett to the Supreme Court, is he merely choosing a justice‚Äîor trying to ignite an‚Ä¶",62,@NYTimes
0.3612,Wed Jul 04 09:24:19 +0000 2018,0.0,0.783,0.217,Trilobites: Owls See the World Much Like We Do https://t.co/vOcG3wR64Y,63,@NYTimes
0.0,Wed Jul 04 09:04:53 +0000 2018,0.0,1.0,0.0,How to Keep Up with the World Cup if You Can‚Äôt Watch Live https://t.co/FFNcCngYKF,64,@NYTimes
0.0,Wed Jul 04 09:02:16 +0000 2018,0.0,1.0,0.0,"HNA‚Äôs Co-Chairman, Wang Jian, Dies in Fall, Company Says https://t.co/78mMWFJC4p",65,@NYTimes
0.2263,Wed Jul 04 08:57:13 +0000 2018,0.0,0.881,0.119,Don‚Äôt be surprised if a TSA agent asks you to remove food from your carry-on https://t.co/e3v3y2enVL,66,@NYTimes
0.8176,Wed Jul 04 08:38:08 +0000 2018,0.104,0.328,0.568,"Challenging Poland‚Äôs Leaders, Top Supreme Court Justice Takes a Defiant Stand https://t.co/yxTLj16mIF",67,@NYTimes
0.4404,Wed Jul 04 08:32:01 +0000 2018,0.0,0.861,0.139,RT @NYTNational: A 5-year-old Russian boy seeking a better life was separated from his parents while U.S. immigration officials decided the‚Ä¶,68,@NYTimes
0.4404,Wed Jul 04 08:07:06 +0000 2018,0.0,0.873,0.127,"""If people did travel more the world would be a better place."" Two Times travel writers embarked on a road trip acr‚Ä¶ https://t.co/uOtUIi5Tnq",69,@NYTimes
0.2144,Wed Jul 04 07:49:41 +0000 2018,0.0,0.89,0.11,The engaged couple wanted their matchmaker at the wedding. But they met online so ... https://t.co/7xifm7vbdw,70,@NYTimes
0.4019,Wed Jul 04 07:33:01 +0000 2018,0.075,0.784,0.141,"RT @nytimesworld: Protesters rallied in three dozen cities in Poland as the government carried out a sweeping purge of the Supreme Court, e‚Ä¶",71,@NYTimes
-0.6124,Wed Jul 04 07:07:08 +0000 2018,0.217,0.783,0.0,Of course it went to penalties. And of course everyone expected England to lose. Because England always loses when‚Ä¶ https://t.co/OZBshb19jA,72,@NYTimes
-0.4019,Wed Jul 04 06:49:39 +0000 2018,0.153,0.847,0.0,"The World Health Organization has made ""internet gaming"" a diagnosable disorder, yet many psychologists are skeptic‚Ä¶ https://t.co/0tx9mQo1FR",73,@NYTimes
0.0,Wed Jul 04 06:32:02 +0000 2018,0.0,1.0,0.0,"Why the world‚Äôs tech powers have moved into the once sleepy outskirts of Cambridge, England ‚Äî snapping up engineers‚Ä¶ https://t.co/rfEdEDPYlN",74,@NYTimes
-0.7269,Wed Jul 04 06:07:03 +0000 2018,0.336,0.664,0.0,No grill? No problem. Make these classic cookout dishes indoors then dine near an open window. https://t.co/QeBUCqmUN1,75,@NYTimes
0.34,Wed Jul 04 05:50:16 +0000 2018,0.0,0.897,0.103,John Obi Mikel of Nigeria played in his team‚Äôs final World Cup match hours after learning his father had been kidna‚Ä¶ https://t.co/M9BIBO91Xa,76,@NYTimes
-0.3612,Wed Jul 04 05:32:05 +0000 2018,0.106,0.894,0.0,"RT @nytimesworld: New Zealanders are now the largest group in Australia's immigration detention centers, though many of them have been in A‚Ä¶",77,@NYTimes
-0.3612,Wed Jul 04 05:13:31 +0000 2018,0.102,0.898,0.0,"RT @nytopinion: ""I threw my son away"" a Honduran father laments after he sought asylum and was deported instead while his 12-year-old boy w‚Ä¶",78,@NYTimes
-0.5719,Wed Jul 04 04:56:17 +0000 2018,0.281,0.719,0.0,"Once you‚Äôve fallen for a New Mexico green chile cheeseburger, there‚Äôs no going back https://t.co/aOYLCSPZGf",79,@NYTimes
0.0,Wed Jul 04 04:38:21 +0000 2018,0.0,1.0,0.0,Little to no-cook dishes for the sweaty and sweltering https://t.co/4WZzIlgrJq,80,@NYTimes
0.0,Wed Jul 04 04:22:04 +0000 2018,0.0,1.0,0.0,RT @NYTHealth: The decision to head to the fertility clinic for women in a study had more to do with an absence of suitable men and little‚Ä¶,81,@NYTimes
0.3612,Wed Jul 04 04:02:04 +0000 2018,0.0,0.762,0.238,"Owls see the world much like we do
https://t.co/VwjYRO7R2P",82,@NYTimes
0.0,Wed Jul 04 03:47:02 +0000 2018,0.0,1.0,0.0,"Here's a guide to New York's Fourth of July fireworks show, billed as the largest in Macy's 42-year run https://t.co/j6W5L9JUVE",83,@NYTimes
-0.8442,Wed Jul 04 03:32:01 +0000 2018,0.378,0.622,0.0,2 men associated with an Oakland warehouse fire that killed 36 people pleaded no contest to involuntary manslaughte‚Ä¶ https://t.co/jFWSHPB1Tu,84,@NYTimes
0.0,Wed Jul 04 03:17:03 +0000 2018,0.0,1.0,0.0,"RT @NYTNational: Dershowitz is not the first high-profile figure on the island whose views have been met with disapproval: In 1972, an arti‚Ä¶",85,@NYTimes
-0.2263,Wed Jul 04 03:02:06 +0000 2018,0.102,0.837,0.06,"After locating 12 missing boys and their soccer coach in Thailand, officials now face the daunting challenge of pul‚Ä¶ https://t.co/jiFwaS29sm",86,@NYTimes
0.2263,Wed Jul 04 02:32:03 +0000 2018,0.0,0.921,0.079,"It is not often that New Yorkers are graced with the sight of a snowy owl, especially in the middle of a July heat‚Ä¶ https://t.co/AMKA6eyYc9",87,@NYTimes
0.5574,Wed Jul 04 02:17:03 +0000 2018,0.0,0.874,0.126,RT @adamliptak: My editors tell me that my look at two of the leading contenders for the Supreme Court vacancy clocked in at 1776 words.  B‚Ä¶,88,@NYTimes
0.34,Wed Jul 04 02:02:07 +0000 2018,0.111,0.657,0.232,"Alan Dershowitz's Martha's Vineyard complaint wasn't likely to draw public sympathy, and, well, it didn't https://t.co/OGI5BWAHby",89,@NYTimes
0.0,Wed Jul 04 01:47:09 +0000 2018,0.0,1.0,0.0,Vans and the Warped Tour built each other. Now Vans is a $3 billion dollar brand and the Warped Tour is on its last‚Ä¶ https://t.co/pbaUhbsNpF,90,@NYTimes
0.0,Wed Jul 04 01:32:02 +0000 2018,0.0,1.0,0.0,What to do on the 4th of July in NYC https://t.co/Pw4IkTPcpf https://t.co/dM2aFd3pvW,91,@NYTimes
-0.4767,Wed Jul 04 01:17:06 +0000 2018,0.14,0.86,0.0,RT @nytpolitics: The White House used its official Twitter account to attack two Democratic senators who oppose President Trump‚Äôs immigrati‚Ä¶,92,@NYTimes
0.0,Wed Jul 04 01:02:02 +0000 2018,0.0,1.0,0.0,Evening Briefing: Here's what you need to know at the end of the day https://t.co/lOz16XxssU,93,@NYTimes
0.3182,Wed Jul 04 00:47:05 +0000 2018,0.0,0.892,0.108,"The Beatles' ""Yellow Submarine"" is turning 50. This graphic novel has been in the works since it turned 30. https://t.co/amUQIQIpes",94,@NYTimes
-0.25,Wed Jul 04 00:32:02 +0000 2018,0.095,0.905,0.0,A soccer player scored a goal. A baseball player struck out. Who owns those facts? As sports betting takes off in t‚Ä¶ https://t.co/Z6IMa9hw4x,95,@NYTimes
0.4939,Wed Jul 04 00:17:04 +0000 2018,0.0,0.714,0.286,RT @paulkrugman: Some thoughts inspired by Alexandria Ocasio-Cortez https://t.co/wCkEMW197f,96,@NYTimes
0.4215,Wed Jul 04 00:02:06 +0000 2018,0.0,0.859,0.141,The federal prosecutor who supervised the investigation of Michael Cohen is leaving the United States attorney‚Äôs of‚Ä¶ https://t.co/Y9C47Ta83b,97,@NYTimes
0.0,Tue Jul 03 23:47:04 +0000 2018,0.0,1.0,0.0,"Hours before a crucial match with Argentina, the captain of Nigeria‚Äôs World Cup team learned his father had been ki‚Ä¶ https://t.co/bAB8FThzPl",98,@NYTimes
0.4588,Tue Jul 03 23:32:04 +0000 2018,0.108,0.637,0.255,"Cambridge, England has become a hotbed for artificial intelligence research. To no one's surprise, Silicon Valley's‚Ä¶ https://t.co/fCi0lQkLru",99,@NYTimes
